--
-- PostgreSQL database dump
--

-- Dumped from database version 15.2 (Debian 15.2-1.pgdg110+1)
-- Dumped by pg_dump version 15.2

-- Started on 2023-04-29 20:52:11

SET statement_timeout = 0;
SET lock_timeout = 0;
SET idle_in_transaction_session_timeout = 0;
SET client_encoding = 'UTF8';
SET standard_conforming_strings = on;
SELECT pg_catalog.set_config('search_path', '', false);
SET check_function_bodies = false;
SET xmloption = content;
SET client_min_messages = warning;
SET row_security = off;

--
-- TOC entry 3421 (class 0 OID 170868)
-- Dependencies: 215
-- Data for Name: Courses; Type: TABLE DATA; Schema: public; Owner: -
--

COPY public."Courses" ("Uid", "Name") FROM stdin;
2e88e6aa-0afa-4627-9f7f-0893c50bed52	1 курс
793b41f6-26c7-4a61-b0f8-2a5a20a211af	3 курс
a9f78814-77e5-48df-8e93-54dacce4c875	4 курс
c675e942-344d-4eb0-9954-b07b251520ca	5 курс
ee1211e7-0fa9-4a70-883c-9a82188f31e3	2 курс
\.


--
-- TOC entry 3432 (class 0 OID 171002)
-- Dependencies: 226
-- Data for Name: GroupToHeldClasses; Type: TABLE DATA; Schema: public; Owner: -
--

COPY public."GroupToHeldClasses" ("GroupUid", "HeldClassUid") FROM stdin;
7b0659d5-22bd-44b5-a707-e4da9354e428	0072461b-cd99-4847-9792-d0ad130bd97e
858db585-3171-48a4-970e-caeaccf179a6	009618cc-7d97-4335-abf4-5b3f0e918e07
45c77a60-cb38-4d65-9dae-c03376b44e14	011806df-0875-4449-8454-f8c52ad86748
858db585-3171-48a4-970e-caeaccf179a6	0345474c-576d-4c06-94ec-27ff03b52f6d
858db585-3171-48a4-970e-caeaccf179a6	0d53fa60-7d49-4a24-b90e-24d39ea0874a
45c77a60-cb38-4d65-9dae-c03376b44e14	1250f51a-dc91-4eb8-b7cb-f4dbdf5eaf67
7b0659d5-22bd-44b5-a707-e4da9354e428	13a3bceb-3735-4b51-b4d8-ba1f6c1aac00
13d424e8-2aca-423e-b91f-8cbf8ee27575	1892d746-6485-4080-813b-3bfcc8c4b1dd
7b0659d5-22bd-44b5-a707-e4da9354e428	1ac9514f-276f-4863-a3f2-f50741611c18
793a0dad-36eb-414a-8d5f-580be80abf43	1ebeb7ff-09e1-4f02-9e9e-043cea00991c
7b0659d5-22bd-44b5-a707-e4da9354e428	1f4a586b-bef3-4f58-b15b-6886a5f86226
45c77a60-cb38-4d65-9dae-c03376b44e14	23b046fb-219e-46bd-8b4d-63ba54652d03
13d424e8-2aca-423e-b91f-8cbf8ee27575	24ba13cf-b78d-4f8d-bafe-a09eeeeef422
793a0dad-36eb-414a-8d5f-580be80abf43	27bb24e1-1b94-44a3-a815-86f9b7d53a23
793a0dad-36eb-414a-8d5f-580be80abf43	2b0776b9-bbda-4208-8de0-4dd18f460fc3
793a0dad-36eb-414a-8d5f-580be80abf43	2c62a66b-181d-4831-a3b9-34d687c1af07
45c77a60-cb38-4d65-9dae-c03376b44e14	2e6f3f01-59b6-440c-a862-8bebc66fba75
13d424e8-2aca-423e-b91f-8cbf8ee27575	2e924d1e-b7f4-41f1-b9f1-669b5d435cf3
793a0dad-36eb-414a-8d5f-580be80abf43	34a79470-5aa6-4a7c-bbff-9bc310ae76ef
7b0659d5-22bd-44b5-a707-e4da9354e428	3608bb1e-327b-4c78-970a-9900ec43fc41
858db585-3171-48a4-970e-caeaccf179a6	3b134b06-cc32-4bb7-91fe-ba75f7652963
858db585-3171-48a4-970e-caeaccf179a6	3d9cb964-6a5c-475b-b497-263b4dee7213
13d424e8-2aca-423e-b91f-8cbf8ee27575	3ed77f1a-9653-4932-8f04-af313b14fbc0
13d424e8-2aca-423e-b91f-8cbf8ee27575	3f738f51-c35c-4dd8-9ba7-e96d341f80f8
45c77a60-cb38-4d65-9dae-c03376b44e14	44b0745b-d218-464a-b1e5-ff2d1b6bd0c7
858db585-3171-48a4-970e-caeaccf179a6	47da97e8-76af-4fce-951a-2f2d1c628de0
858db585-3171-48a4-970e-caeaccf179a6	48161da0-0ba0-46c9-b105-cec546e824d1
793a0dad-36eb-414a-8d5f-580be80abf43	4d549a0a-655b-4692-b6a1-f98f0bb99dd0
45c77a60-cb38-4d65-9dae-c03376b44e14	4e4dd686-0804-4a38-abbd-dfdd0cdfd973
13d424e8-2aca-423e-b91f-8cbf8ee27575	4fcbe94e-f9f7-44cb-9e4f-a29ac658f313
7b0659d5-22bd-44b5-a707-e4da9354e428	50244480-8c97-4760-8448-f26445f013fb
793a0dad-36eb-414a-8d5f-580be80abf43	50ad8e3a-3233-4427-8dc4-caa34f0d2266
858db585-3171-48a4-970e-caeaccf179a6	5123d70b-8e5c-4d38-8449-8f90e64bbd21
793a0dad-36eb-414a-8d5f-580be80abf43	51e1e062-7333-4429-8343-2fa5a800f550
13d424e8-2aca-423e-b91f-8cbf8ee27575	54bced13-9faf-4d95-81e0-4a57767453ad
45c77a60-cb38-4d65-9dae-c03376b44e14	57d27b9f-ce60-4f8f-8c35-fbe9588bca98
45c77a60-cb38-4d65-9dae-c03376b44e14	58d1f8af-72be-4a29-aac1-313cd911fe91
7b0659d5-22bd-44b5-a707-e4da9354e428	5a9e655a-f050-466d-bd39-eed94ff92f11
858db585-3171-48a4-970e-caeaccf179a6	5aa0fa21-699a-4770-9ce3-c9baf74a15f0
7b0659d5-22bd-44b5-a707-e4da9354e428	5bc5b770-c12d-4065-b5f7-7e6e9fea78d2
13d424e8-2aca-423e-b91f-8cbf8ee27575	5ea88d66-026d-436f-8b0c-9c815b93bf30
793a0dad-36eb-414a-8d5f-580be80abf43	60ceddbf-023e-483f-b476-7dcc0ce8731f
45c77a60-cb38-4d65-9dae-c03376b44e14	61a23964-8ec2-403f-9ed8-92f2ac61b671
13d424e8-2aca-423e-b91f-8cbf8ee27575	69fcebd0-b4f5-4433-994a-d00bb1b59ccc
858db585-3171-48a4-970e-caeaccf179a6	6c8dd4dd-f535-4950-a51d-5d726f50f3d4
7b0659d5-22bd-44b5-a707-e4da9354e428	6e5fdc06-1df6-41fd-8909-4d4d8ac32476
45c77a60-cb38-4d65-9dae-c03376b44e14	711cc30d-ada2-47c6-af14-88c2afb36a35
793a0dad-36eb-414a-8d5f-580be80abf43	719ba753-4f45-4d28-96ef-ecb6255277d0
793a0dad-36eb-414a-8d5f-580be80abf43	77115352-e83d-47cc-be47-699494526a09
858db585-3171-48a4-970e-caeaccf179a6	7843aa3b-7118-4dea-9ec2-8147ea661cf9
45c77a60-cb38-4d65-9dae-c03376b44e14	7a873c7e-e1f3-4735-9a69-e4b0288d1f30
858db585-3171-48a4-970e-caeaccf179a6	7bb2a5ad-498b-4af5-a4ba-52fb8dc0057e
858db585-3171-48a4-970e-caeaccf179a6	7edb485a-ec6e-4b3d-943b-3498fd7eb359
7b0659d5-22bd-44b5-a707-e4da9354e428	7ede671c-31a1-4f3e-8edf-c5ee3dc30092
45c77a60-cb38-4d65-9dae-c03376b44e14	813c564c-2929-46a8-a363-91160da296b1
7b0659d5-22bd-44b5-a707-e4da9354e428	84b2b7a5-b19d-4d01-82d5-95fc8ba1b9a6
45c77a60-cb38-4d65-9dae-c03376b44e14	852535a8-2211-4b5c-a7b5-74b3af617ac8
858db585-3171-48a4-970e-caeaccf179a6	85d914ff-8270-475d-a81e-cf2eb71fd3b8
858db585-3171-48a4-970e-caeaccf179a6	8b744d1b-8c2b-4dc2-9457-0032c57e0c4f
793a0dad-36eb-414a-8d5f-580be80abf43	8cef0c10-5afe-4588-9ef5-be8056b555cc
793a0dad-36eb-414a-8d5f-580be80abf43	8e6ef83c-9e67-4dd3-acae-f864844966dc
7b0659d5-22bd-44b5-a707-e4da9354e428	904f58b1-e06e-40fa-a657-7e185d87976f
45c77a60-cb38-4d65-9dae-c03376b44e14	929db82b-0728-4cbc-898c-469dc0785efd
793a0dad-36eb-414a-8d5f-580be80abf43	99c613b8-efd6-4ce1-b963-0a320ce13a55
858db585-3171-48a4-970e-caeaccf179a6	9b290547-dff1-4f15-b50e-7742d42ab662
13d424e8-2aca-423e-b91f-8cbf8ee27575	9da0eaa0-52bc-43f7-bd23-d6b59eb50c1e
858db585-3171-48a4-970e-caeaccf179a6	a0763754-c02f-4c21-bed1-32f738485c42
45c77a60-cb38-4d65-9dae-c03376b44e14	a2333102-3dd8-4aa5-aee1-be650484d633
7b0659d5-22bd-44b5-a707-e4da9354e428	a423651e-993e-41dd-b33c-f758d9110e74
45c77a60-cb38-4d65-9dae-c03376b44e14	a6c8af6d-97a7-4474-b485-2f257e640f81
7b0659d5-22bd-44b5-a707-e4da9354e428	a83bf0ea-9462-48d9-b2e9-7511c48598b4
45c77a60-cb38-4d65-9dae-c03376b44e14	a88352f2-9b3d-45de-aacb-beefa7e3940a
13d424e8-2aca-423e-b91f-8cbf8ee27575	aa36ae36-c260-4812-a994-0674c8bd38fb
858db585-3171-48a4-970e-caeaccf179a6	ad1d6231-3053-40cd-8ea5-d0e0be58fdf4
858db585-3171-48a4-970e-caeaccf179a6	b028b623-373c-4afe-b38a-f2adf4a1bb96
45c77a60-cb38-4d65-9dae-c03376b44e14	b3ec973f-c00d-4a91-9a1f-553031fcb02f
793a0dad-36eb-414a-8d5f-580be80abf43	b47105aa-d822-4862-9416-ccfc7c1de192
13d424e8-2aca-423e-b91f-8cbf8ee27575	b8e3e868-1eec-41ac-8113-99c100b5e556
13d424e8-2aca-423e-b91f-8cbf8ee27575	b97b48f6-3de3-4cea-a733-a332cc818374
793a0dad-36eb-414a-8d5f-580be80abf43	bb16aae9-0e31-4f31-b15c-2e7cc6fdde91
45c77a60-cb38-4d65-9dae-c03376b44e14	bcf91fd0-fbb6-4b38-a7a0-d5ad8a9882de
793a0dad-36eb-414a-8d5f-580be80abf43	bfdfad76-af41-4ca5-894c-4df08453a82b
858db585-3171-48a4-970e-caeaccf179a6	c05d33eb-dc74-4c79-911a-ca68e45e8f77
13d424e8-2aca-423e-b91f-8cbf8ee27575	c5f2b0e3-5d8e-4e4e-9e1d-75b6d5c4b3cf
45c77a60-cb38-4d65-9dae-c03376b44e14	c826f1df-7506-4a07-87de-c01889ccb155
793a0dad-36eb-414a-8d5f-580be80abf43	caa77506-3735-4cf7-9dba-d3fda5942818
7b0659d5-22bd-44b5-a707-e4da9354e428	cc1a15d2-788f-423a-827c-1fe6536c8160
13d424e8-2aca-423e-b91f-8cbf8ee27575	cc24f5ef-b03c-4f21-93c8-e0c96b920953
45c77a60-cb38-4d65-9dae-c03376b44e14	cc35960e-3979-460f-832a-6e4ad68acbd8
13d424e8-2aca-423e-b91f-8cbf8ee27575	cdde244a-6ff2-4249-800a-096c655b979f
7b0659d5-22bd-44b5-a707-e4da9354e428	cfd1e4d6-7d74-4448-b479-b3340d5d9e0d
45c77a60-cb38-4d65-9dae-c03376b44e14	d17f5365-2703-4c88-a6f0-291fc056cbb2
858db585-3171-48a4-970e-caeaccf179a6	d52a6f67-ccf6-42b8-a908-3f523133c82e
13d424e8-2aca-423e-b91f-8cbf8ee27575	d566595b-197d-44ca-9e66-98fe5109a0a8
45c77a60-cb38-4d65-9dae-c03376b44e14	e65e7c47-bcd7-4bae-9fa4-d92d0f9a3fad
45c77a60-cb38-4d65-9dae-c03376b44e14	e7af1c77-59cb-45fa-a774-e72fbe80b9bc
45c77a60-cb38-4d65-9dae-c03376b44e14	ec15e550-0e32-439c-b2c0-3cfafb58521f
858db585-3171-48a4-970e-caeaccf179a6	ece1134f-e6a5-4d25-9bae-5b72d58d8401
13d424e8-2aca-423e-b91f-8cbf8ee27575	ed7dc8c3-3ee8-46d0-b4da-9994f8e9545b
7b0659d5-22bd-44b5-a707-e4da9354e428	fcb9bf34-fc55-452c-b9d1-fdac92d2b792
\.


--
-- TOC entry 3427 (class 0 OID 170918)
-- Dependencies: 221
-- Data for Name: Groups; Type: TABLE DATA; Schema: public; Owner: -
--

COPY public."Groups" ("Uid", "Name", "DateOfStartTraining", "DateOfEndTraining", "CourseUid", "ClassRoomTeacherUid", "SpecialtyUid") FROM stdin;
13d424e8-2aca-423e-b91f-8cbf8ee27575	Группа 2	2024-09-01 00:00:00+00	2025-06-30 00:00:00+00	a9f78814-77e5-48df-8e93-54dacce4c875	9470b6a4-bd4f-4a65-b8fd-f7b1f4a6cac8	c051d1a2-5adb-4468-b219-964389c971e4
45c77a60-cb38-4d65-9dae-c03376b44e14	Группа 5	2023-09-01 00:00:00+00	2024-06-30 00:00:00+00	793b41f6-26c7-4a61-b0f8-2a5a20a211af	8b2ee031-0452-40d0-8bbf-339230242a22	46d8fa89-005b-49d6-b6f4-32cf76528d78
793a0dad-36eb-414a-8d5f-580be80abf43	Группа 3	2025-09-01 00:00:00+00	2026-06-30 00:00:00+00	c675e942-344d-4eb0-9954-b07b251520ca	86acbea8-7d9a-4035-9f02-7578698fa4ff	1d519ebc-0260-4c4e-98db-debcd4437abf
7b0659d5-22bd-44b5-a707-e4da9354e428	Группа 1	2021-09-01 00:00:00+00	2022-06-30 00:00:00+00	2e88e6aa-0afa-4627-9f7f-0893c50bed52	4ed30121-c4a9-4b7d-b058-ef7178ee10e5	1d519ebc-0260-4c4e-98db-debcd4437abf
858db585-3171-48a4-970e-caeaccf179a6	Группа 4	2023-09-01 00:00:00+00	2024-06-30 00:00:00+00	793b41f6-26c7-4a61-b0f8-2a5a20a211af	1cffe0a5-55bd-4d57-b806-544092509e48	25309014-acd1-46df-9479-180292b832d6
\.


--
-- TOC entry 3428 (class 0 OID 170940)
-- Dependencies: 222
-- Data for Name: HeldClasses; Type: TABLE DATA; Schema: public; Owner: -
--

COPY public."HeldClasses" ("Uid", "LectorUid", "LessonUid", "LectureHallUid", "Date", "Time") FROM stdin;
0072461b-cd99-4847-9792-d0ad130bd97e	0b76f409-0ed9-4488-b924-67f0d240235d	dd268d43-15d5-49c1-9729-d1ed69f75714	810692da-8c25-45a0-9840-83cc5cfb11b0	2023-05-14 00:00:00+00	15:44:00
009618cc-7d97-4335-abf4-5b3f0e918e07	6441ff9b-84a1-47ff-9c81-e3e759d9383d	34d65596-c404-4deb-ad36-5697e232aa1f	f37d06a2-fa1d-4e8c-b381-ea2c08816c35	2023-05-22 00:00:00+00	16:57:00
011806df-0875-4449-8454-f8c52ad86748	fa88ae0e-04ea-4d85-9da5-5e13297c6c48	7b7423e9-a3ee-4c85-b996-b37c3459ab4b	6515ead6-23e7-4f9a-8f0b-08a40974ee92	2023-05-12 00:00:00+00	19:55:00
0345474c-576d-4c06-94ec-27ff03b52f6d	02ea49fe-af70-4e4a-9626-4766ec0b9fcd	ed641f19-9d51-42b6-9480-8c633fbf019b	258e6be1-a059-4fd0-827a-06239ba66162	2023-05-20 00:00:00+00	12:53:00
0d53fa60-7d49-4a24-b90e-24d39ea0874a	6441ff9b-84a1-47ff-9c81-e3e759d9383d	34d65596-c404-4deb-ad36-5697e232aa1f	4f1a044c-96c5-4de6-b01c-caa5a5b48336	2023-05-24 00:00:00+00	12:20:00
1250f51a-dc91-4eb8-b7cb-f4dbdf5eaf67	b74fea2e-71f8-40c1-b30e-e642f5c5d591	7b7423e9-a3ee-4c85-b996-b37c3459ab4b	6515ead6-23e7-4f9a-8f0b-08a40974ee92	2023-05-19 00:00:00+00	16:48:00
13a3bceb-3735-4b51-b4d8-ba1f6c1aac00	ecaa2b25-129b-43f8-b11f-6f2a7fa12198	42636460-e5b7-493d-ad98-da0b4a731b43	fff0ba57-2a4e-4aa9-9064-cd4e848907b3	2023-05-22 00:00:00+00	18:01:00
1892d746-6485-4080-813b-3bfcc8c4b1dd	455ed501-b8ab-4ce3-8041-0784b7a78119	5d1e5623-a279-4359-ab19-7446a3385ace	4e73a9a7-6fe2-42af-93cd-14c2e63e6587	2023-05-27 00:00:00+00	14:55:00
1ac9514f-276f-4863-a3f2-f50741611c18	38d3c966-38d7-405f-b6d3-020d531c7737	77b88325-26a0-4e9d-b0f4-463b3f3188ba	dd7ac38d-6bb3-4f22-8f37-6df7a6eca300	2023-05-12 00:00:00+00	14:24:00
1ebeb7ff-09e1-4f02-9e9e-043cea00991c	38d3c966-38d7-405f-b6d3-020d531c7737	77b88325-26a0-4e9d-b0f4-463b3f3188ba	02505f12-d85a-4193-b1d3-ce6fe78d2999	2023-05-15 00:00:00+00	13:12:00
1f4a586b-bef3-4f58-b15b-6886a5f86226	b74fea2e-71f8-40c1-b30e-e642f5c5d591	77b88325-26a0-4e9d-b0f4-463b3f3188ba	dd7ac38d-6bb3-4f22-8f37-6df7a6eca300	2023-05-25 00:00:00+00	15:14:00
23b046fb-219e-46bd-8b4d-63ba54652d03	ecaa2b25-129b-43f8-b11f-6f2a7fa12198	7b7423e9-a3ee-4c85-b996-b37c3459ab4b	c845fb3a-7119-49f8-8dd3-47d2010cabc1	2023-05-06 00:00:00+00	17:21:00
24ba13cf-b78d-4f8d-bafe-a09eeeeef422	1ea5d163-7aa7-4d0a-aec0-c56d62045312	5d1e5623-a279-4359-ab19-7446a3385ace	a0905a85-9aa1-43aa-bad2-3c878c69441a	2023-05-19 00:00:00+00	15:16:00
27bb24e1-1b94-44a3-a815-86f9b7d53a23	ecaa2b25-129b-43f8-b11f-6f2a7fa12198	dd268d43-15d5-49c1-9729-d1ed69f75714	ba7a7f0d-e732-483d-bf8e-8c6de6c38b66	2023-05-29 00:00:00+00	13:32:00
2b0776b9-bbda-4208-8de0-4dd18f460fc3	455ed501-b8ab-4ce3-8041-0784b7a78119	77b88325-26a0-4e9d-b0f4-463b3f3188ba	1563b3fe-d4f4-44ca-9cba-d6df5a56e20b	2023-05-25 00:00:00+00	15:30:00
2c62a66b-181d-4831-a3b9-34d687c1af07	86acbea8-7d9a-4035-9f02-7578698fa4ff	dd268d43-15d5-49c1-9729-d1ed69f75714	0c6a3257-80ab-4cb8-b1b4-4aaec05a3cb0	2023-05-05 00:00:00+00	13:53:00
2e6f3f01-59b6-440c-a862-8bebc66fba75	86acbea8-7d9a-4035-9f02-7578698fa4ff	7b7423e9-a3ee-4c85-b996-b37c3459ab4b	8086b366-2dc8-4b85-b9ce-3d7abe5fdc4f	2023-05-16 00:00:00+00	10:40:00
2e924d1e-b7f4-41f1-b9f1-669b5d435cf3	9470b6a4-bd4f-4a65-b8fd-f7b1f4a6cac8	51aaf646-f0ab-410d-ba83-919eaf202996	a05ba3d0-3120-4e8f-a584-e6c369bf07f2	2023-05-26 00:00:00+00	14:10:00
34a79470-5aa6-4a7c-bbff-9bc310ae76ef	52aef635-f9ee-4956-bad3-4613ff7af28c	dd268d43-15d5-49c1-9729-d1ed69f75714	8403dfff-a583-4768-96a0-472516a29cfc	2023-05-13 00:00:00+00	16:56:00
3608bb1e-327b-4c78-970a-9900ec43fc41	a7fb8d5a-d3f3-40a1-9d9d-4bdaaf8c08dc	dd268d43-15d5-49c1-9729-d1ed69f75714	87d39c6c-cab2-4e1c-8123-2c42aec5bc90	2023-05-12 00:00:00+00	11:43:00
3b134b06-cc32-4bb7-91fe-ba75f7652963	6441ff9b-84a1-47ff-9c81-e3e759d9383d	ed641f19-9d51-42b6-9480-8c633fbf019b	6464e8d3-f925-49c3-a5f9-fe630dc82aec	2023-05-06 00:00:00+00	14:22:00
3d9cb964-6a5c-475b-b497-263b4dee7213	96f7d825-2ec3-4ea5-91e3-bd8c37b3fd5d	6ab7996d-addc-4e41-b279-9250c046ed4c	02505f12-d85a-4193-b1d3-ce6fe78d2999	2023-05-23 00:00:00+00	19:35:00
3ed77f1a-9653-4932-8f04-af313b14fbc0	4ed30121-c4a9-4b7d-b058-ef7178ee10e5	51aaf646-f0ab-410d-ba83-919eaf202996	ff188b9a-6cc4-49de-94b3-24579742be33	2023-05-15 00:00:00+00	10:51:00
3f738f51-c35c-4dd8-9ba7-e96d341f80f8	9a4468ca-1422-4e29-b372-2a07a9570f0a	5d1e5623-a279-4359-ab19-7446a3385ace	51931488-11db-463c-930b-7615e90fc7b5	2023-05-08 00:00:00+00	17:34:00
44b0745b-d218-464a-b1e5-ff2d1b6bd0c7	455ed501-b8ab-4ce3-8041-0784b7a78119	1dd3c814-0135-462a-ade4-5818ca10d604	cedbf05e-5399-4e50-a065-381ebcc56eb2	2023-05-26 00:00:00+00	10:19:00
47da97e8-76af-4fce-951a-2f2d1c628de0	02ea49fe-af70-4e4a-9626-4766ec0b9fcd	9d613522-a126-4612-a8c2-05810b4a1188	e1812e1a-5ec3-49de-99c1-f32696d0c77c	2023-05-26 00:00:00+00	12:24:00
48161da0-0ba0-46c9-b105-cec546e824d1	6441ff9b-84a1-47ff-9c81-e3e759d9383d	ed641f19-9d51-42b6-9480-8c633fbf019b	dd7ac38d-6bb3-4f22-8f37-6df7a6eca300	2023-05-07 00:00:00+00	11:45:00
4d549a0a-655b-4692-b6a1-f98f0bb99dd0	86acbea8-7d9a-4035-9f02-7578698fa4ff	8389c848-4242-4320-98b7-faf34c809199	258e6be1-a059-4fd0-827a-06239ba66162	2023-05-06 00:00:00+00	10:35:00
4e4dd686-0804-4a38-abbd-dfdd0cdfd973	1cffe0a5-55bd-4d57-b806-544092509e48	1dd3c814-0135-462a-ade4-5818ca10d604	ec792465-94db-42aa-950e-53bc33909f9e	2023-05-25 00:00:00+00	12:25:00
4fcbe94e-f9f7-44cb-9e4f-a29ac658f313	0ddfffd0-780b-4121-891d-b5b4c105ff0c	51aaf646-f0ab-410d-ba83-919eaf202996	ec792465-94db-42aa-950e-53bc33909f9e	2023-05-04 00:00:00+00	10:06:00
50244480-8c97-4760-8448-f26445f013fb	4ed30121-c4a9-4b7d-b058-ef7178ee10e5	77b88325-26a0-4e9d-b0f4-463b3f3188ba	00337f53-cd95-40d9-8e8f-302a6169c26f	2023-05-10 00:00:00+00	10:23:00
50ad8e3a-3233-4427-8dc4-caa34f0d2266	6441ff9b-84a1-47ff-9c81-e3e759d9383d	77b88325-26a0-4e9d-b0f4-463b3f3188ba	54d6479e-e9dc-42d3-98cc-ae05a311461c	2023-05-14 00:00:00+00	18:56:00
5123d70b-8e5c-4d38-8449-8f90e64bbd21	c04af87c-01b0-4061-8a30-af7650d076c5	ed641f19-9d51-42b6-9480-8c633fbf019b	a66ae53b-9d2b-45fc-992d-e1a014bd575f	2023-05-03 00:00:00+00	11:11:00
51e1e062-7333-4429-8343-2fa5a800f550	96f7d825-2ec3-4ea5-91e3-bd8c37b3fd5d	42636460-e5b7-493d-ad98-da0b4a731b43	ec792465-94db-42aa-950e-53bc33909f9e	2023-05-08 00:00:00+00	18:57:00
54bced13-9faf-4d95-81e0-4a57767453ad	8b2ee031-0452-40d0-8bbf-339230242a22	5d1e5623-a279-4359-ab19-7446a3385ace	a90e7d43-f5fc-436d-913a-76cad8837fe6	2023-05-02 00:00:00+00	13:41:00
57d27b9f-ce60-4f8f-8c35-fbe9588bca98	6441ff9b-84a1-47ff-9c81-e3e759d9383d	7b7423e9-a3ee-4c85-b996-b37c3459ab4b	0f126e21-8aa7-4b57-9b13-aa486caa0a93	2023-05-14 00:00:00+00	14:04:00
58d1f8af-72be-4a29-aac1-313cd911fe91	96f7d825-2ec3-4ea5-91e3-bd8c37b3fd5d	1dd3c814-0135-462a-ade4-5818ca10d604	2824db57-9b67-4cf8-86aa-8aa383e889b7	2023-05-27 00:00:00+00	11:08:00
5a9e655a-f050-466d-bd39-eed94ff92f11	9a4468ca-1422-4e29-b372-2a07a9570f0a	77b88325-26a0-4e9d-b0f4-463b3f3188ba	3dc598fe-56cb-402b-902d-129e02626d49	2023-05-18 00:00:00+00	13:39:00
5aa0fa21-699a-4770-9ce3-c9baf74a15f0	96f7d825-2ec3-4ea5-91e3-bd8c37b3fd5d	9d613522-a126-4612-a8c2-05810b4a1188	87d39c6c-cab2-4e1c-8123-2c42aec5bc90	2023-05-14 00:00:00+00	09:51:00
5bc5b770-c12d-4065-b5f7-7e6e9fea78d2	fa88ae0e-04ea-4d85-9da5-5e13297c6c48	42636460-e5b7-493d-ad98-da0b4a731b43	9b9fad60-a342-4003-90b9-9b0fdabd3411	2023-05-15 00:00:00+00	19:26:00
5ea88d66-026d-436f-8b0c-9c815b93bf30	8b2ee031-0452-40d0-8bbf-339230242a22	5d1e5623-a279-4359-ab19-7446a3385ace	e562975c-23d8-4f68-afaf-7051566070ab	2023-05-14 00:00:00+00	13:32:00
60ceddbf-023e-483f-b476-7dcc0ce8731f	b74fea2e-71f8-40c1-b30e-e642f5c5d591	42636460-e5b7-493d-ad98-da0b4a731b43	9b9fad60-a342-4003-90b9-9b0fdabd3411	2023-05-24 00:00:00+00	15:53:00
61a23964-8ec2-403f-9ed8-92f2ac61b671	02ea49fe-af70-4e4a-9626-4766ec0b9fcd	1dd3c814-0135-462a-ade4-5818ca10d604	6471cd5b-572d-49a3-8818-52b26e802ffe	2023-05-11 00:00:00+00	15:31:00
69fcebd0-b4f5-4433-994a-d00bb1b59ccc	6441ff9b-84a1-47ff-9c81-e3e759d9383d	5d1e5623-a279-4359-ab19-7446a3385ace	bb45dcd1-4c70-4f2e-998f-297952cc5064	2023-05-25 00:00:00+00	10:40:00
6c8dd4dd-f535-4950-a51d-5d726f50f3d4	8b2ee031-0452-40d0-8bbf-339230242a22	ed641f19-9d51-42b6-9480-8c633fbf019b	a0905a85-9aa1-43aa-bad2-3c878c69441a	2023-05-12 00:00:00+00	10:02:00
6e5fdc06-1df6-41fd-8909-4d4d8ac32476	a7fb8d5a-d3f3-40a1-9d9d-4bdaaf8c08dc	8389c848-4242-4320-98b7-faf34c809199	ff188b9a-6cc4-49de-94b3-24579742be33	2023-05-29 00:00:00+00	09:51:00
711cc30d-ada2-47c6-af14-88c2afb36a35	b74fea2e-71f8-40c1-b30e-e642f5c5d591	1dd3c814-0135-462a-ade4-5818ca10d604	c845fb3a-7119-49f8-8dd3-47d2010cabc1	2023-05-17 00:00:00+00	15:58:00
719ba753-4f45-4d28-96ef-ecb6255277d0	fa88ae0e-04ea-4d85-9da5-5e13297c6c48	dd268d43-15d5-49c1-9729-d1ed69f75714	e562975c-23d8-4f68-afaf-7051566070ab	2023-05-29 00:00:00+00	12:34:00
77115352-e83d-47cc-be47-699494526a09	c04af87c-01b0-4061-8a30-af7650d076c5	dd268d43-15d5-49c1-9729-d1ed69f75714	54d6479e-e9dc-42d3-98cc-ae05a311461c	2023-05-26 00:00:00+00	12:14:00
7843aa3b-7118-4dea-9ec2-8147ea661cf9	9470b6a4-bd4f-4a65-b8fd-f7b1f4a6cac8	34d65596-c404-4deb-ad36-5697e232aa1f	810692da-8c25-45a0-9840-83cc5cfb11b0	2023-05-21 00:00:00+00	09:25:00
7a873c7e-e1f3-4735-9a69-e4b0288d1f30	38d3c966-38d7-405f-b6d3-020d531c7737	7b7423e9-a3ee-4c85-b996-b37c3459ab4b	ec792465-94db-42aa-950e-53bc33909f9e	2023-05-18 00:00:00+00	17:44:00
7bb2a5ad-498b-4af5-a4ba-52fb8dc0057e	38d3c966-38d7-405f-b6d3-020d531c7737	34d65596-c404-4deb-ad36-5697e232aa1f	e1812e1a-5ec3-49de-99c1-f32696d0c77c	2023-05-13 00:00:00+00	16:58:00
7edb485a-ec6e-4b3d-943b-3498fd7eb359	96f7d825-2ec3-4ea5-91e3-bd8c37b3fd5d	6ab7996d-addc-4e41-b279-9250c046ed4c	1563b3fe-d4f4-44ca-9cba-d6df5a56e20b	2023-05-03 00:00:00+00	14:37:00
7ede671c-31a1-4f3e-8edf-c5ee3dc30092	6441ff9b-84a1-47ff-9c81-e3e759d9383d	77b88325-26a0-4e9d-b0f4-463b3f3188ba	0c6a3257-80ab-4cb8-b1b4-4aaec05a3cb0	2023-05-24 00:00:00+00	19:43:00
813c564c-2929-46a8-a363-91160da296b1	6441ff9b-84a1-47ff-9c81-e3e759d9383d	1dd3c814-0135-462a-ade4-5818ca10d604	4f1a044c-96c5-4de6-b01c-caa5a5b48336	2023-05-05 00:00:00+00	17:52:00
84b2b7a5-b19d-4d01-82d5-95fc8ba1b9a6	4ed30121-c4a9-4b7d-b058-ef7178ee10e5	42636460-e5b7-493d-ad98-da0b4a731b43	4e93896e-e9c2-4b8d-a3f9-8619df30c939	2023-05-26 00:00:00+00	13:50:00
852535a8-2211-4b5c-a7b5-74b3af617ac8	ecaa2b25-129b-43f8-b11f-6f2a7fa12198	7b7423e9-a3ee-4c85-b996-b37c3459ab4b	ff188b9a-6cc4-49de-94b3-24579742be33	2023-05-06 00:00:00+00	14:17:00
85d914ff-8270-475d-a81e-cf2eb71fd3b8	4ed30121-c4a9-4b7d-b058-ef7178ee10e5	9d613522-a126-4612-a8c2-05810b4a1188	8086b366-2dc8-4b85-b9ce-3d7abe5fdc4f	2023-05-18 00:00:00+00	13:50:00
8b744d1b-8c2b-4dc2-9457-0032c57e0c4f	fa88ae0e-04ea-4d85-9da5-5e13297c6c48	34d65596-c404-4deb-ad36-5697e232aa1f	2824db57-9b67-4cf8-86aa-8aa383e889b7	2023-05-03 00:00:00+00	14:06:00
8cef0c10-5afe-4588-9ef5-be8056b555cc	4ed30121-c4a9-4b7d-b058-ef7178ee10e5	42636460-e5b7-493d-ad98-da0b4a731b43	4f1a044c-96c5-4de6-b01c-caa5a5b48336	2023-05-17 00:00:00+00	19:14:00
8e6ef83c-9e67-4dd3-acae-f864844966dc	fa88ae0e-04ea-4d85-9da5-5e13297c6c48	8389c848-4242-4320-98b7-faf34c809199	3d33ca2a-d90b-48aa-b934-c17dbc306e9b	2023-05-20 00:00:00+00	19:22:00
904f58b1-e06e-40fa-a657-7e185d87976f	9a4468ca-1422-4e29-b372-2a07a9570f0a	dd268d43-15d5-49c1-9729-d1ed69f75714	f37d06a2-fa1d-4e8c-b381-ea2c08816c35	2023-05-09 00:00:00+00	14:20:00
929db82b-0728-4cbc-898c-469dc0785efd	38d3c966-38d7-405f-b6d3-020d531c7737	7b7423e9-a3ee-4c85-b996-b37c3459ab4b	ff188b9a-6cc4-49de-94b3-24579742be33	2023-05-10 00:00:00+00	18:18:00
99c613b8-efd6-4ce1-b963-0a320ce13a55	8b2ee031-0452-40d0-8bbf-339230242a22	42636460-e5b7-493d-ad98-da0b4a731b43	810692da-8c25-45a0-9840-83cc5cfb11b0	2023-05-28 00:00:00+00	17:13:00
9b290547-dff1-4f15-b50e-7742d42ab662	86acbea8-7d9a-4035-9f02-7578698fa4ff	34d65596-c404-4deb-ad36-5697e232aa1f	ec792465-94db-42aa-950e-53bc33909f9e	2023-05-02 00:00:00+00	09:32:00
9da0eaa0-52bc-43f7-bd23-d6b59eb50c1e	38d3c966-38d7-405f-b6d3-020d531c7737	5d1e5623-a279-4359-ab19-7446a3385ace	030c7044-23f4-406c-8d6a-6b3423c4eaa2	2023-05-27 00:00:00+00	17:10:00
a0763754-c02f-4c21-bed1-32f738485c42	9470b6a4-bd4f-4a65-b8fd-f7b1f4a6cac8	ed641f19-9d51-42b6-9480-8c633fbf019b	87d39c6c-cab2-4e1c-8123-2c42aec5bc90	2023-05-24 00:00:00+00	19:09:00
a2333102-3dd8-4aa5-aee1-be650484d633	fa88ae0e-04ea-4d85-9da5-5e13297c6c48	7b7423e9-a3ee-4c85-b996-b37c3459ab4b	8086b366-2dc8-4b85-b9ce-3d7abe5fdc4f	2023-05-13 00:00:00+00	13:29:00
a423651e-993e-41dd-b33c-f758d9110e74	0b76f409-0ed9-4488-b924-67f0d240235d	dd268d43-15d5-49c1-9729-d1ed69f75714	29a61a30-ea78-46fc-9fcf-c41d68596c72	2023-05-26 00:00:00+00	09:09:00
a6c8af6d-97a7-4474-b485-2f257e640f81	b74fea2e-71f8-40c1-b30e-e642f5c5d591	7b7423e9-a3ee-4c85-b996-b37c3459ab4b	8a5c803d-d4f7-43a3-9c1b-5eb294ef530f	2023-05-13 00:00:00+00	13:04:00
a83bf0ea-9462-48d9-b2e9-7511c48598b4	6441ff9b-84a1-47ff-9c81-e3e759d9383d	8389c848-4242-4320-98b7-faf34c809199	00337f53-cd95-40d9-8e8f-302a6169c26f	2023-05-26 00:00:00+00	14:16:00
a88352f2-9b3d-45de-aacb-beefa7e3940a	fa88ae0e-04ea-4d85-9da5-5e13297c6c48	1dd3c814-0135-462a-ade4-5818ca10d604	8403dfff-a583-4768-96a0-472516a29cfc	2023-05-05 00:00:00+00	13:54:00
aa36ae36-c260-4812-a994-0674c8bd38fb	38d3c966-38d7-405f-b6d3-020d531c7737	51aaf646-f0ab-410d-ba83-919eaf202996	54d6479e-e9dc-42d3-98cc-ae05a311461c	2023-05-21 00:00:00+00	18:50:00
ad1d6231-3053-40cd-8ea5-d0e0be58fdf4	96f7d825-2ec3-4ea5-91e3-bd8c37b3fd5d	ed641f19-9d51-42b6-9480-8c633fbf019b	fff0ba57-2a4e-4aa9-9064-cd4e848907b3	2023-05-28 00:00:00+00	13:54:00
b028b623-373c-4afe-b38a-f2adf4a1bb96	455ed501-b8ab-4ce3-8041-0784b7a78119	9d613522-a126-4612-a8c2-05810b4a1188	3dc598fe-56cb-402b-902d-129e02626d49	2023-05-19 00:00:00+00	15:45:00
b3ec973f-c00d-4a91-9a1f-553031fcb02f	c04af87c-01b0-4061-8a30-af7650d076c5	1dd3c814-0135-462a-ade4-5818ca10d604	039a3a21-b8f6-4e50-bc6a-333e934a698f	2023-05-17 00:00:00+00	16:08:00
b47105aa-d822-4862-9416-ccfc7c1de192	4ed30121-c4a9-4b7d-b058-ef7178ee10e5	8389c848-4242-4320-98b7-faf34c809199	ba7a7f0d-e732-483d-bf8e-8c6de6c38b66	2023-05-20 00:00:00+00	10:17:00
b8e3e868-1eec-41ac-8113-99c100b5e556	38d3c966-38d7-405f-b6d3-020d531c7737	51aaf646-f0ab-410d-ba83-919eaf202996	030c7044-23f4-406c-8d6a-6b3423c4eaa2	2023-05-06 00:00:00+00	15:24:00
b97b48f6-3de3-4cea-a733-a332cc818374	1ea5d163-7aa7-4d0a-aec0-c56d62045312	5d1e5623-a279-4359-ab19-7446a3385ace	039a3a21-b8f6-4e50-bc6a-333e934a698f	2023-05-02 00:00:00+00	10:13:00
bb16aae9-0e31-4f31-b15c-2e7cc6fdde91	1cffe0a5-55bd-4d57-b806-544092509e48	42636460-e5b7-493d-ad98-da0b4a731b43	e6dc521f-743d-46cc-b8b3-f0d228585b60	2023-05-11 00:00:00+00	11:29:00
bcf91fd0-fbb6-4b38-a7a0-d5ad8a9882de	1ea5d163-7aa7-4d0a-aec0-c56d62045312	1dd3c814-0135-462a-ade4-5818ca10d604	039a3a21-b8f6-4e50-bc6a-333e934a698f	2023-05-23 00:00:00+00	16:13:00
bfdfad76-af41-4ca5-894c-4df08453a82b	b74fea2e-71f8-40c1-b30e-e642f5c5d591	42636460-e5b7-493d-ad98-da0b4a731b43	258e6be1-a059-4fd0-827a-06239ba66162	2023-05-10 00:00:00+00	13:35:00
c05d33eb-dc74-4c79-911a-ca68e45e8f77	a7fb8d5a-d3f3-40a1-9d9d-4bdaaf8c08dc	6ab7996d-addc-4e41-b279-9250c046ed4c	4f1a044c-96c5-4de6-b01c-caa5a5b48336	2023-05-21 00:00:00+00	13:25:00
c5f2b0e3-5d8e-4e4e-9e1d-75b6d5c4b3cf	38d3c966-38d7-405f-b6d3-020d531c7737	5d1e5623-a279-4359-ab19-7446a3385ace	8403dfff-a583-4768-96a0-472516a29cfc	2023-05-22 00:00:00+00	09:50:00
c826f1df-7506-4a07-87de-c01889ccb155	fa88ae0e-04ea-4d85-9da5-5e13297c6c48	7b7423e9-a3ee-4c85-b996-b37c3459ab4b	edf96b38-c12a-48b9-bc0c-a7458043bf3c	2023-05-17 00:00:00+00	16:06:00
caa77506-3735-4cf7-9dba-d3fda5942818	455ed501-b8ab-4ce3-8041-0784b7a78119	8389c848-4242-4320-98b7-faf34c809199	ba7a7f0d-e732-483d-bf8e-8c6de6c38b66	2023-05-28 00:00:00+00	12:55:00
cc1a15d2-788f-423a-827c-1fe6536c8160	fa88ae0e-04ea-4d85-9da5-5e13297c6c48	8389c848-4242-4320-98b7-faf34c809199	6471cd5b-572d-49a3-8818-52b26e802ffe	2023-05-08 00:00:00+00	13:33:00
cc24f5ef-b03c-4f21-93c8-e0c96b920953	38d3c966-38d7-405f-b6d3-020d531c7737	51aaf646-f0ab-410d-ba83-919eaf202996	6515ead6-23e7-4f9a-8f0b-08a40974ee92	2023-05-09 00:00:00+00	13:55:00
cc35960e-3979-460f-832a-6e4ad68acbd8	1ea5d163-7aa7-4d0a-aec0-c56d62045312	1dd3c814-0135-462a-ade4-5818ca10d604	edf96b38-c12a-48b9-bc0c-a7458043bf3c	2023-05-02 00:00:00+00	11:56:00
cdde244a-6ff2-4249-800a-096c655b979f	02ea49fe-af70-4e4a-9626-4766ec0b9fcd	51aaf646-f0ab-410d-ba83-919eaf202996	4e73a9a7-6fe2-42af-93cd-14c2e63e6587	2023-05-05 00:00:00+00	17:49:00
cfd1e4d6-7d74-4448-b479-b3340d5d9e0d	0b76f409-0ed9-4488-b924-67f0d240235d	77b88325-26a0-4e9d-b0f4-463b3f3188ba	ba7a7f0d-e732-483d-bf8e-8c6de6c38b66	2023-05-13 00:00:00+00	12:02:00
d17f5365-2703-4c88-a6f0-291fc056cbb2	c04af87c-01b0-4061-8a30-af7650d076c5	1dd3c814-0135-462a-ade4-5818ca10d604	cedbf05e-5399-4e50-a065-381ebcc56eb2	2023-05-16 00:00:00+00	19:48:00
d52a6f67-ccf6-42b8-a908-3f523133c82e	1ea5d163-7aa7-4d0a-aec0-c56d62045312	34d65596-c404-4deb-ad36-5697e232aa1f	ec792465-94db-42aa-950e-53bc33909f9e	2023-05-26 00:00:00+00	12:56:00
d566595b-197d-44ca-9e66-98fe5109a0a8	4ed30121-c4a9-4b7d-b058-ef7178ee10e5	51aaf646-f0ab-410d-ba83-919eaf202996	bb45dcd1-4c70-4f2e-998f-297952cc5064	2023-05-29 00:00:00+00	09:00:00
e65e7c47-bcd7-4bae-9fa4-d92d0f9a3fad	8b2ee031-0452-40d0-8bbf-339230242a22	1dd3c814-0135-462a-ade4-5818ca10d604	54d6479e-e9dc-42d3-98cc-ae05a311461c	2023-05-15 00:00:00+00	19:45:00
e7af1c77-59cb-45fa-a774-e72fbe80b9bc	52aef635-f9ee-4956-bad3-4613ff7af28c	1dd3c814-0135-462a-ade4-5818ca10d604	cedbf05e-5399-4e50-a065-381ebcc56eb2	2023-05-09 00:00:00+00	18:26:00
ec15e550-0e32-439c-b2c0-3cfafb58521f	1cffe0a5-55bd-4d57-b806-544092509e48	1dd3c814-0135-462a-ade4-5818ca10d604	a0905a85-9aa1-43aa-bad2-3c878c69441a	2023-05-05 00:00:00+00	10:33:00
ece1134f-e6a5-4d25-9bae-5b72d58d8401	1cffe0a5-55bd-4d57-b806-544092509e48	6ab7996d-addc-4e41-b279-9250c046ed4c	2824db57-9b67-4cf8-86aa-8aa383e889b7	2023-05-22 00:00:00+00	17:20:00
ed7dc8c3-3ee8-46d0-b4da-9994f8e9545b	1cffe0a5-55bd-4d57-b806-544092509e48	5d1e5623-a279-4359-ab19-7446a3385ace	d82091cc-0113-4df1-ad87-2c2bf2b6ac57	2023-05-25 00:00:00+00	18:50:00
fcb9bf34-fc55-452c-b9d1-fdac92d2b792	c04af87c-01b0-4061-8a30-af7650d076c5	dd268d43-15d5-49c1-9729-d1ed69f75714	8086b366-2dc8-4b85-b9ce-3d7abe5fdc4f	2023-05-18 00:00:00+00	14:57:00
\.


--
-- TOC entry 3429 (class 0 OID 170960)
-- Dependencies: 223
-- Data for Name: LectorLessons; Type: TABLE DATA; Schema: public; Owner: -
--

COPY public."LectorLessons" ("LectorUid", "LessonUid") FROM stdin;
0ddfffd0-780b-4121-891d-b5b4c105ff0c	01866d63-dd3e-40ed-9820-aaf2a6881063
fa88ae0e-04ea-4d85-9da5-5e13297c6c48	01866d63-dd3e-40ed-9820-aaf2a6881063
52aef635-f9ee-4956-bad3-4613ff7af28c	0417c792-8410-4f67-89c7-926eff200fc2
6441ff9b-84a1-47ff-9c81-e3e759d9383d	0417c792-8410-4f67-89c7-926eff200fc2
96f7d825-2ec3-4ea5-91e3-bd8c37b3fd5d	0417c792-8410-4f67-89c7-926eff200fc2
fa88ae0e-04ea-4d85-9da5-5e13297c6c48	0417c792-8410-4f67-89c7-926eff200fc2
c04af87c-01b0-4061-8a30-af7650d076c5	0eda6f02-a008-4143-8f89-f6920be89488
9470b6a4-bd4f-4a65-b8fd-f7b1f4a6cac8	0fdec482-1864-4c50-a5cb-5a5192f1bc8c
02ea49fe-af70-4e4a-9626-4766ec0b9fcd	16255d86-8120-4d9f-bf72-6bc39f5074a0
6441ff9b-84a1-47ff-9c81-e3e759d9383d	16255d86-8120-4d9f-bf72-6bc39f5074a0
4ed30121-c4a9-4b7d-b058-ef7178ee10e5	17b60f85-3a92-4b81-ba12-402b8bdd2c1f
8b2ee031-0452-40d0-8bbf-339230242a22	17b60f85-3a92-4b81-ba12-402b8bdd2c1f
38d3c966-38d7-405f-b6d3-020d531c7737	1b056bfa-f633-4a28-adcb-4b11213da0b9
52aef635-f9ee-4956-bad3-4613ff7af28c	1dd3c814-0135-462a-ade4-5818ca10d604
4ed30121-c4a9-4b7d-b058-ef7178ee10e5	244babe7-3d33-42f4-9ff1-edd95658dd70
52aef635-f9ee-4956-bad3-4613ff7af28c	244babe7-3d33-42f4-9ff1-edd95658dd70
02ea49fe-af70-4e4a-9626-4766ec0b9fcd	2b97e55a-acfd-4d75-9745-d680934a2fe4
455ed501-b8ab-4ce3-8041-0784b7a78119	2b97e55a-acfd-4d75-9745-d680934a2fe4
4ed30121-c4a9-4b7d-b058-ef7178ee10e5	2b97e55a-acfd-4d75-9745-d680934a2fe4
38d3c966-38d7-405f-b6d3-020d531c7737	2cd4e503-4297-4a6a-a890-88b098311dac
c04af87c-01b0-4061-8a30-af7650d076c5	2cd4e503-4297-4a6a-a890-88b098311dac
4ed30121-c4a9-4b7d-b058-ef7178ee10e5	2df61bd6-92cc-48f3-8148-81de3113132d
a7fb8d5a-d3f3-40a1-9d9d-4bdaaf8c08dc	2df61bd6-92cc-48f3-8148-81de3113132d
b74fea2e-71f8-40c1-b30e-e642f5c5d591	2e18aa40-06a2-49ac-9f7b-59e33d21cbb0
9470b6a4-bd4f-4a65-b8fd-f7b1f4a6cac8	32459551-62ea-499a-96ed-1a449628895a
1ea5d163-7aa7-4d0a-aec0-c56d62045312	34d65596-c404-4deb-ad36-5697e232aa1f
a7fb8d5a-d3f3-40a1-9d9d-4bdaaf8c08dc	34d65596-c404-4deb-ad36-5697e232aa1f
0ddfffd0-780b-4121-891d-b5b4c105ff0c	36b763f8-d203-4300-a889-f474afc8980a
6441ff9b-84a1-47ff-9c81-e3e759d9383d	3822f491-7cce-4a0e-be3c-8fc431c84f24
9a4468ca-1422-4e29-b372-2a07a9570f0a	39290b9e-a798-46b6-a9a3-496a9065c478
1cffe0a5-55bd-4d57-b806-544092509e48	39872376-eb91-4db1-95ee-3dce63fb5dc8
455ed501-b8ab-4ce3-8041-0784b7a78119	3e1f6c65-3661-453f-80de-54ed2ab5260d
86acbea8-7d9a-4035-9f02-7578698fa4ff	3e1f6c65-3661-453f-80de-54ed2ab5260d
6441ff9b-84a1-47ff-9c81-e3e759d9383d	3ee1e085-8a54-4420-9aa0-a45d4768cf74
8b2ee031-0452-40d0-8bbf-339230242a22	3ee1e085-8a54-4420-9aa0-a45d4768cf74
52aef635-f9ee-4956-bad3-4613ff7af28c	3fdf7980-f3ef-48bd-ab28-951e73571049
96f7d825-2ec3-4ea5-91e3-bd8c37b3fd5d	3fdf7980-f3ef-48bd-ab28-951e73571049
0b76f409-0ed9-4488-b924-67f0d240235d	40e61381-5527-4aca-96b1-3cd0811853e1
4ed30121-c4a9-4b7d-b058-ef7178ee10e5	42636460-e5b7-493d-ad98-da0b4a731b43
1ea5d163-7aa7-4d0a-aec0-c56d62045312	47e23c10-01d0-4505-ac2f-123eacfffa7c
0b76f409-0ed9-4488-b924-67f0d240235d	47f6ff1a-1b56-4ccf-ba87-ad12005c7306
b74fea2e-71f8-40c1-b30e-e642f5c5d591	47f6ff1a-1b56-4ccf-ba87-ad12005c7306
fa88ae0e-04ea-4d85-9da5-5e13297c6c48	47f6ff1a-1b56-4ccf-ba87-ad12005c7306
fa88ae0e-04ea-4d85-9da5-5e13297c6c48	48b51e80-f71b-47c9-99c6-fc725f5bd0f9
6441ff9b-84a1-47ff-9c81-e3e759d9383d	48f3e9f0-13f3-417d-b644-0a421954c65a
a7fb8d5a-d3f3-40a1-9d9d-4bdaaf8c08dc	4971a004-5ed4-4efb-93d9-46c4017733d9
fa88ae0e-04ea-4d85-9da5-5e13297c6c48	4971a004-5ed4-4efb-93d9-46c4017733d9
86acbea8-7d9a-4035-9f02-7578698fa4ff	4a341052-45b4-4ab7-a388-2e5449cb81cf
52aef635-f9ee-4956-bad3-4613ff7af28c	4aa2626d-ac2f-4f22-9504-38bbe0e03b35
fa88ae0e-04ea-4d85-9da5-5e13297c6c48	4aa2626d-ac2f-4f22-9504-38bbe0e03b35
8b2ee031-0452-40d0-8bbf-339230242a22	4cc739ea-b18a-449e-b21f-6b0f3d946dd6
6441ff9b-84a1-47ff-9c81-e3e759d9383d	51aaf646-f0ab-410d-ba83-919eaf202996
8b2ee031-0452-40d0-8bbf-339230242a22	51aaf646-f0ab-410d-ba83-919eaf202996
ecaa2b25-129b-43f8-b11f-6f2a7fa12198	51aaf646-f0ab-410d-ba83-919eaf202996
38d3c966-38d7-405f-b6d3-020d531c7737	51d6372d-c4b1-4459-8b20-372fe34cac03
8b2ee031-0452-40d0-8bbf-339230242a22	51d6372d-c4b1-4459-8b20-372fe34cac03
96f7d825-2ec3-4ea5-91e3-bd8c37b3fd5d	51d6372d-c4b1-4459-8b20-372fe34cac03
455ed501-b8ab-4ce3-8041-0784b7a78119	53e67338-63d1-4a32-8322-3bd0f94893c1
b74fea2e-71f8-40c1-b30e-e642f5c5d591	53e67338-63d1-4a32-8322-3bd0f94893c1
ecaa2b25-129b-43f8-b11f-6f2a7fa12198	53e67338-63d1-4a32-8322-3bd0f94893c1
8b2ee031-0452-40d0-8bbf-339230242a22	5d1e5623-a279-4359-ab19-7446a3385ace
96f7d825-2ec3-4ea5-91e3-bd8c37b3fd5d	5d1e5623-a279-4359-ab19-7446a3385ace
38d3c966-38d7-405f-b6d3-020d531c7737	600faf7b-06ae-4cc7-8fd6-ed37afd58046
02ea49fe-af70-4e4a-9626-4766ec0b9fcd	6125cb06-c403-4261-aa57-985078bb3476
0b76f409-0ed9-4488-b924-67f0d240235d	634f8853-6247-4672-ba90-c0bea2dcb0f4
c04af87c-01b0-4061-8a30-af7650d076c5	63d30a3f-3917-4280-97fa-3a6786d9db30
52aef635-f9ee-4956-bad3-4613ff7af28c	6415d470-e2a5-41a5-861d-2dd9babd0b0e
c04af87c-01b0-4061-8a30-af7650d076c5	6415d470-e2a5-41a5-861d-2dd9babd0b0e
0b76f409-0ed9-4488-b924-67f0d240235d	66ebe742-4d31-4bec-81be-c80d4f423c48
86acbea8-7d9a-4035-9f02-7578698fa4ff	66ebe742-4d31-4bec-81be-c80d4f423c48
c04af87c-01b0-4061-8a30-af7650d076c5	66ebe742-4d31-4bec-81be-c80d4f423c48
ecaa2b25-129b-43f8-b11f-6f2a7fa12198	679d71e6-0eda-4de5-80fd-d7bbfb9072cb
fa88ae0e-04ea-4d85-9da5-5e13297c6c48	679d71e6-0eda-4de5-80fd-d7bbfb9072cb
b74fea2e-71f8-40c1-b30e-e642f5c5d591	698400b3-2b65-449d-904c-a975eb54c35d
02ea49fe-af70-4e4a-9626-4766ec0b9fcd	6a7da8fd-8b9b-46ca-a5d4-1cc467658aeb
0ddfffd0-780b-4121-891d-b5b4c105ff0c	6a7da8fd-8b9b-46ca-a5d4-1cc467658aeb
02ea49fe-af70-4e4a-9626-4766ec0b9fcd	6ab7996d-addc-4e41-b279-9250c046ed4c
86acbea8-7d9a-4035-9f02-7578698fa4ff	6ab7996d-addc-4e41-b279-9250c046ed4c
0ddfffd0-780b-4121-891d-b5b4c105ff0c	6b14f08e-f3da-4430-9980-be2e1316e207
52aef635-f9ee-4956-bad3-4613ff7af28c	6cf54a43-4719-4052-8718-21b251dc1be9
52aef635-f9ee-4956-bad3-4613ff7af28c	730caef4-667c-4b60-85e9-a32c92ac613f
0ddfffd0-780b-4121-891d-b5b4c105ff0c	74818844-56db-4f42-97bb-da22e120c051
455ed501-b8ab-4ce3-8041-0784b7a78119	74ca9816-59b2-4961-8160-4336ad8e0df9
52aef635-f9ee-4956-bad3-4613ff7af28c	77b88325-26a0-4e9d-b0f4-463b3f3188ba
38d3c966-38d7-405f-b6d3-020d531c7737	77e7d0a2-a44c-4e19-89e1-8d7a4e9e1604
4ed30121-c4a9-4b7d-b058-ef7178ee10e5	77e7d0a2-a44c-4e19-89e1-8d7a4e9e1604
c04af87c-01b0-4061-8a30-af7650d076c5	78abe6bd-b172-44b8-83c7-2ca981144731
02ea49fe-af70-4e4a-9626-4766ec0b9fcd	7975b507-1cea-4bb3-bf2f-73bbb783e9d7
86acbea8-7d9a-4035-9f02-7578698fa4ff	7975b507-1cea-4bb3-bf2f-73bbb783e9d7
96f7d825-2ec3-4ea5-91e3-bd8c37b3fd5d	799d4e62-e4fa-4072-b89d-9c98f9745f7d
c04af87c-01b0-4061-8a30-af7650d076c5	799d4e62-e4fa-4072-b89d-9c98f9745f7d
8b2ee031-0452-40d0-8bbf-339230242a22	7b7423e9-a3ee-4c85-b996-b37c3459ab4b
9a4468ca-1422-4e29-b372-2a07a9570f0a	7b7423e9-a3ee-4c85-b996-b37c3459ab4b
8b2ee031-0452-40d0-8bbf-339230242a22	80518510-5493-4396-9089-6c9a98db64c0
1ea5d163-7aa7-4d0a-aec0-c56d62045312	83089a91-809a-4403-898d-e7744c247fe0
0ddfffd0-780b-4121-891d-b5b4c105ff0c	8465d1da-6904-4412-a69e-bc63a9fb46d1
8b2ee031-0452-40d0-8bbf-339230242a22	8465d1da-6904-4412-a69e-bc63a9fb46d1
96f7d825-2ec3-4ea5-91e3-bd8c37b3fd5d	8465d1da-6904-4412-a69e-bc63a9fb46d1
fa88ae0e-04ea-4d85-9da5-5e13297c6c48	8465d1da-6904-4412-a69e-bc63a9fb46d1
02ea49fe-af70-4e4a-9626-4766ec0b9fcd	86fdbfe6-849c-4e54-b80c-191e0296a80c
0b76f409-0ed9-4488-b924-67f0d240235d	88881dfc-0624-4331-ba3e-32002a70c668
1cffe0a5-55bd-4d57-b806-544092509e48	8f8d8ef3-0aca-4f74-8490-731e2bad0576
ecaa2b25-129b-43f8-b11f-6f2a7fa12198	8f8d8ef3-0aca-4f74-8490-731e2bad0576
c04af87c-01b0-4061-8a30-af7650d076c5	8fc8357d-bc72-4be7-9b06-44b245bc196e
455ed501-b8ab-4ce3-8041-0784b7a78119	8ff4bb66-a2fd-4a71-a739-eaf250deb49e
86acbea8-7d9a-4035-9f02-7578698fa4ff	96c2aa5c-0b64-46ad-8c97-2b1872650d45
a7fb8d5a-d3f3-40a1-9d9d-4bdaaf8c08dc	96cdb4e3-cd3a-4c99-ad76-756533105959
fa88ae0e-04ea-4d85-9da5-5e13297c6c48	96cdb4e3-cd3a-4c99-ad76-756533105959
0ddfffd0-780b-4121-891d-b5b4c105ff0c	974724bf-f2e0-4d13-9c91-391f23882bc5
fa88ae0e-04ea-4d85-9da5-5e13297c6c48	974724bf-f2e0-4d13-9c91-391f23882bc5
0b76f409-0ed9-4488-b924-67f0d240235d	976f47d1-2b08-460f-b39a-82cc4ac262f9
8b2ee031-0452-40d0-8bbf-339230242a22	976f47d1-2b08-460f-b39a-82cc4ac262f9
c04af87c-01b0-4061-8a30-af7650d076c5	989d8fbd-38ae-4388-896d-e29d68df33d6
1ea5d163-7aa7-4d0a-aec0-c56d62045312	9a186b09-4553-4258-aaa2-188c28510b94
96f7d825-2ec3-4ea5-91e3-bd8c37b3fd5d	9c63d851-d55a-4ce8-a791-dee42333e8c0
4ed30121-c4a9-4b7d-b058-ef7178ee10e5	9d613522-a126-4612-a8c2-05810b4a1188
8b2ee031-0452-40d0-8bbf-339230242a22	9d613522-a126-4612-a8c2-05810b4a1188
96f7d825-2ec3-4ea5-91e3-bd8c37b3fd5d	9da1a90a-ebd8-4551-8288-236fac5619ff
9470b6a4-bd4f-4a65-b8fd-f7b1f4a6cac8	9f0a3338-a7cb-4279-b183-fcedab4534b1
8b2ee031-0452-40d0-8bbf-339230242a22	9f55463a-0947-401c-8f96-deb0702d81ce
1ea5d163-7aa7-4d0a-aec0-c56d62045312	a00135d2-2922-42f4-b31a-80fdbe60aa78
a7fb8d5a-d3f3-40a1-9d9d-4bdaaf8c08dc	a40cf33a-7f57-439b-91db-888b26b650b0
9a4468ca-1422-4e29-b372-2a07a9570f0a	a5179d7a-71b2-4238-9324-c0fa1b541c7b
b74fea2e-71f8-40c1-b30e-e642f5c5d591	a5179d7a-71b2-4238-9324-c0fa1b541c7b
0b76f409-0ed9-4488-b924-67f0d240235d	a615fdb3-1922-4234-b04f-1b681018f160
0ddfffd0-780b-4121-891d-b5b4c105ff0c	a6ce9c81-3b75-4ca8-8f20-17324b424215
c04af87c-01b0-4061-8a30-af7650d076c5	a6ce9c81-3b75-4ca8-8f20-17324b424215
fa88ae0e-04ea-4d85-9da5-5e13297c6c48	a6ce9c81-3b75-4ca8-8f20-17324b424215
9a4468ca-1422-4e29-b372-2a07a9570f0a	a7196a5c-71a5-409e-8222-164012563ca9
fa88ae0e-04ea-4d85-9da5-5e13297c6c48	a7196a5c-71a5-409e-8222-164012563ca9
0b76f409-0ed9-4488-b924-67f0d240235d	aa54b8b5-f02e-4fd5-8918-a52b9c196bea
02ea49fe-af70-4e4a-9626-4766ec0b9fcd	aaf2e98f-3895-48d8-ba82-319c2e60530b
1cffe0a5-55bd-4d57-b806-544092509e48	ae04de54-d5cb-409c-beff-6fcb870ae3e3
8b2ee031-0452-40d0-8bbf-339230242a22	ae04de54-d5cb-409c-beff-6fcb870ae3e3
a7fb8d5a-d3f3-40a1-9d9d-4bdaaf8c08dc	ae04de54-d5cb-409c-beff-6fcb870ae3e3
c04af87c-01b0-4061-8a30-af7650d076c5	ae04de54-d5cb-409c-beff-6fcb870ae3e3
1cffe0a5-55bd-4d57-b806-544092509e48	aebdedb4-e270-4645-97b4-b48bd1b7830d
38d3c966-38d7-405f-b6d3-020d531c7737	b07b1ddb-8e9f-4871-bf48-29b56f18869c
6441ff9b-84a1-47ff-9c81-e3e759d9383d	b07b1ddb-8e9f-4871-bf48-29b56f18869c
c04af87c-01b0-4061-8a30-af7650d076c5	b07b1ddb-8e9f-4871-bf48-29b56f18869c
9470b6a4-bd4f-4a65-b8fd-f7b1f4a6cac8	b4f40a6f-3bfd-48b3-9096-def694411f06
fa88ae0e-04ea-4d85-9da5-5e13297c6c48	b50e7d11-ddeb-412b-9624-23f8772ccfde
1cffe0a5-55bd-4d57-b806-544092509e48	bca3688b-045e-4889-a613-eddb10cdb206
9a4468ca-1422-4e29-b372-2a07a9570f0a	c0451fe8-9c02-40d6-b3f9-fc048822f69b
1ea5d163-7aa7-4d0a-aec0-c56d62045312	c0d1b465-7548-4c45-9004-b0566ac0b743
9a4468ca-1422-4e29-b372-2a07a9570f0a	c0d1b465-7548-4c45-9004-b0566ac0b743
b74fea2e-71f8-40c1-b30e-e642f5c5d591	c23c3316-a8d0-4ab0-aa1b-95d53a635444
ecaa2b25-129b-43f8-b11f-6f2a7fa12198	c3ecae15-a0af-426f-bd55-4e2d4328c94a
0ddfffd0-780b-4121-891d-b5b4c105ff0c	c63ae6e9-c584-4fd6-b781-3dc811f82556
455ed501-b8ab-4ce3-8041-0784b7a78119	c77f8049-3c0d-41c4-b6a7-afdf906d4847
9a4468ca-1422-4e29-b372-2a07a9570f0a	c77f8049-3c0d-41c4-b6a7-afdf906d4847
a7fb8d5a-d3f3-40a1-9d9d-4bdaaf8c08dc	c78bd079-9fcc-47b3-b4d3-518a7ea4651c
52aef635-f9ee-4956-bad3-4613ff7af28c	c94cc7d1-8243-4aa6-8920-23a411fcbfcf
c04af87c-01b0-4061-8a30-af7650d076c5	c94cc7d1-8243-4aa6-8920-23a411fcbfcf
4ed30121-c4a9-4b7d-b058-ef7178ee10e5	ca610c60-eb9f-4467-bc8d-26b88af49ab4
0b76f409-0ed9-4488-b924-67f0d240235d	cf5fd797-b314-42a2-8ed2-3277c06ddba3
0b76f409-0ed9-4488-b924-67f0d240235d	cf63bfca-26f4-4523-8508-8cd8fb217fa0
8b2ee031-0452-40d0-8bbf-339230242a22	cf63bfca-26f4-4523-8508-8cd8fb217fa0
c04af87c-01b0-4061-8a30-af7650d076c5	cf63bfca-26f4-4523-8508-8cd8fb217fa0
9a4468ca-1422-4e29-b372-2a07a9570f0a	d003ca44-6d72-4797-a1c6-a203f6a0227a
b74fea2e-71f8-40c1-b30e-e642f5c5d591	d648e87d-3a0f-4777-b787-df1c4ab2424a
52aef635-f9ee-4956-bad3-4613ff7af28c	dd268d43-15d5-49c1-9729-d1ed69f75714
1cffe0a5-55bd-4d57-b806-544092509e48	e04312b9-802b-4665-86b0-3926e61e4b9b
fa88ae0e-04ea-4d85-9da5-5e13297c6c48	e04312b9-802b-4665-86b0-3926e61e4b9b
8b2ee031-0452-40d0-8bbf-339230242a22	e0e943ac-73e5-43bd-9411-9a6a62d83270
8b2ee031-0452-40d0-8bbf-339230242a22	e280b52d-f8e5-4483-9e8c-a9da671bd610
0b76f409-0ed9-4488-b924-67f0d240235d	e35f7182-44a6-49e6-a981-c3b92179f480
96f7d825-2ec3-4ea5-91e3-bd8c37b3fd5d	e3dcfb96-caea-4a0f-9bbd-37fe66eb0555
a7fb8d5a-d3f3-40a1-9d9d-4bdaaf8c08dc	e49f7adf-78d1-4a01-beeb-eea020b776a5
fa88ae0e-04ea-4d85-9da5-5e13297c6c48	e49f7adf-78d1-4a01-beeb-eea020b776a5
0ddfffd0-780b-4121-891d-b5b4c105ff0c	ea7fe25a-6c55-496e-b75f-011cff2eea2a
9a4468ca-1422-4e29-b372-2a07a9570f0a	eb76b243-d303-4872-89bc-a34a0cd17ce0
02ea49fe-af70-4e4a-9626-4766ec0b9fcd	ec50c8b1-6ccc-43a5-90a2-9329092bcc47
9a4468ca-1422-4e29-b372-2a07a9570f0a	ec50c8b1-6ccc-43a5-90a2-9329092bcc47
c04af87c-01b0-4061-8a30-af7650d076c5	ec50c8b1-6ccc-43a5-90a2-9329092bcc47
a7fb8d5a-d3f3-40a1-9d9d-4bdaaf8c08dc	ee7907c4-9ddf-4d71-898d-392103b6ee5b
1ea5d163-7aa7-4d0a-aec0-c56d62045312	ef4a9311-b7c8-4a28-b1ce-44ed67694678
c04af87c-01b0-4061-8a30-af7650d076c5	ef4a9311-b7c8-4a28-b1ce-44ed67694678
1ea5d163-7aa7-4d0a-aec0-c56d62045312	ef9f0305-c882-45de-a45b-a12272b8a745
38d3c966-38d7-405f-b6d3-020d531c7737	ef9f0305-c882-45de-a45b-a12272b8a745
ecaa2b25-129b-43f8-b11f-6f2a7fa12198	ef9f0305-c882-45de-a45b-a12272b8a745
52aef635-f9ee-4956-bad3-4613ff7af28c	f166f3f4-a685-4c2c-b3b7-75c1621eaa10
6441ff9b-84a1-47ff-9c81-e3e759d9383d	f166f3f4-a685-4c2c-b3b7-75c1621eaa10
86acbea8-7d9a-4035-9f02-7578698fa4ff	f166f3f4-a685-4c2c-b3b7-75c1621eaa10
b74fea2e-71f8-40c1-b30e-e642f5c5d591	f543f596-8c4a-4f04-b308-f509c2a70858
ecaa2b25-129b-43f8-b11f-6f2a7fa12198	f543f596-8c4a-4f04-b308-f509c2a70858
c04af87c-01b0-4061-8a30-af7650d076c5	f9446a4a-36bf-4515-adb4-3aa41fed8e3c
38d3c966-38d7-405f-b6d3-020d531c7737	fbf379c0-3978-49f6-a90e-381ffdf1dc32
a7fb8d5a-d3f3-40a1-9d9d-4bdaaf8c08dc	fbf379c0-3978-49f6-a90e-381ffdf1dc32
02ea49fe-af70-4e4a-9626-4766ec0b9fcd	fd216ae7-80e1-46d8-8738-d1fdea7ea206
52aef635-f9ee-4956-bad3-4613ff7af28c	fd216ae7-80e1-46d8-8738-d1fdea7ea206
38d3c966-38d7-405f-b6d3-020d531c7737	fec86bae-68de-48a1-901a-2c5bf05d4657
9470b6a4-bd4f-4a65-b8fd-f7b1f4a6cac8	fec86bae-68de-48a1-901a-2c5bf05d4657
c04af87c-01b0-4061-8a30-af7650d076c5	fec86bae-68de-48a1-901a-2c5bf05d4657
\.


--
-- TOC entry 3422 (class 0 OID 170875)
-- Dependencies: 216
-- Data for Name: LectureHalls; Type: TABLE DATA; Schema: public; Owner: -
--

COPY public."LectureHalls" ("Uid", "Number", "Floor") FROM stdin;
00337f53-cd95-40d9-8e8f-302a6169c26f	104	1
02505f12-d85a-4193-b1d3-ce6fe78d2999	373	3
030c7044-23f4-406c-8d6a-6b3423c4eaa2	242	2
039a3a21-b8f6-4e50-bc6a-333e934a698f	457	4
043a2ce7-5c1f-40e8-b2f4-6f6072e3ea8d	352	3
0c6a3257-80ab-4cb8-b1b4-4aaec05a3cb0	334	3
0f126e21-8aa7-4b57-9b13-aa486caa0a93	428	4
1563b3fe-d4f4-44ca-9cba-d6df5a56e20b	287	2
235bc7b3-5e8a-45a3-b5a1-f6d5c5eb122c	315	3
258e6be1-a059-4fd0-827a-06239ba66162	461	4
2824db57-9b67-4cf8-86aa-8aa383e889b7	177	1
29a61a30-ea78-46fc-9fcf-c41d68596c72	178	1
3b6c60d1-c4fb-4e31-a915-b48faa44f447	410	4
3d33ca2a-d90b-48aa-b934-c17dbc306e9b	181	1
3dc598fe-56cb-402b-902d-129e02626d49	312	3
4e73a9a7-6fe2-42af-93cd-14c2e63e6587	255	2
4e93896e-e9c2-4b8d-a3f9-8619df30c939	120	1
4f1a044c-96c5-4de6-b01c-caa5a5b48336	283	2
51931488-11db-463c-930b-7615e90fc7b5	322	3
54d6479e-e9dc-42d3-98cc-ae05a311461c	450	4
6464e8d3-f925-49c3-a5f9-fe630dc82aec	445	4
6471cd5b-572d-49a3-8818-52b26e802ffe	125	1
6515ead6-23e7-4f9a-8f0b-08a40974ee92	263	2
7d21b5ee-3f17-43f9-8a48-d3788856cdc0	435	4
8086b366-2dc8-4b85-b9ce-3d7abe5fdc4f	443	4
810692da-8c25-45a0-9840-83cc5cfb11b0	222	2
8403dfff-a583-4768-96a0-472516a29cfc	359	3
87d39c6c-cab2-4e1c-8123-2c42aec5bc90	301	3
8a5c803d-d4f7-43a3-9c1b-5eb294ef530f	446	4
963de188-9fb1-4d81-ad4e-4b8193bf4e72	362	3
9b9fad60-a342-4003-90b9-9b0fdabd3411	281	2
a05ba3d0-3120-4e8f-a584-e6c369bf07f2	433	4
a0905a85-9aa1-43aa-bad2-3c878c69441a	272	2
a66ae53b-9d2b-45fc-992d-e1a014bd575f	256	2
a90e7d43-f5fc-436d-913a-76cad8837fe6	280	2
ba7a7f0d-e732-483d-bf8e-8c6de6c38b66	169	1
bb45dcd1-4c70-4f2e-998f-297952cc5064	431	4
c845fb3a-7119-49f8-8dd3-47d2010cabc1	388	3
cedbf05e-5399-4e50-a065-381ebcc56eb2	180	1
d82091cc-0113-4df1-ad87-2c2bf2b6ac57	390	3
dd7ac38d-6bb3-4f22-8f37-6df7a6eca300	187	1
e1812e1a-5ec3-49de-99c1-f32696d0c77c	226	2
e562975c-23d8-4f68-afaf-7051566070ab	210	2
e6dc521f-743d-46cc-b8b3-f0d228585b60	397	3
ec792465-94db-42aa-950e-53bc33909f9e	213	2
edf96b38-c12a-48b9-bc0c-a7458043bf3c	314	3
ee48d1fe-9379-44e4-8de3-eb0ca98e38b1	154	1
f37d06a2-fa1d-4e8c-b381-ea2c08816c35	298	2
ff188b9a-6cc4-49de-94b3-24579742be33	370	3
fff0ba57-2a4e-4aa9-9064-cd4e848907b3	152	1
\.


--
-- TOC entry 3423 (class 0 OID 170880)
-- Dependencies: 217
-- Data for Name: Lessons; Type: TABLE DATA; Schema: public; Owner: -
--

COPY public."Lessons" ("Uid", "Name") FROM stdin;
008dab9e-8293-4b29-8c71-95dc7bcd635e	Занятие 27
01866d63-dd3e-40ed-9820-aaf2a6881063	Занятие 75
020fbdb9-2bd4-4a97-9870-6c2c1b37f806	Занятие 19
0417c792-8410-4f67-89c7-926eff200fc2	Занятие 147
046ef385-f30e-44ab-a475-ee125a4fc439	Занятие 117
0986cafd-01fb-4858-9ede-73970d0ccb4e	Занятие 170
099e25e4-3beb-4766-a842-59aeeb8fe70a	Занятие 131
0eda6f02-a008-4143-8f89-f6920be89488	Занятие 3
0fdec482-1864-4c50-a5cb-5a5192f1bc8c	Занятие 38
135ef215-7e4c-4c39-8d1f-0b869f825a51	Занятие 94
136f139a-2474-4a83-b582-6a951f70690d	Занятие 93
16255d86-8120-4d9f-bf72-6bc39f5074a0	Занятие 34
172b49e4-7452-4d3e-8beb-758eb306af8d	Занятие 99
177cb270-eb48-42f9-a3c2-27942bc835ca	Занятие 160
17b60f85-3a92-4b81-ba12-402b8bdd2c1f	Занятие 61
1895de44-8925-4bdb-810d-9149dfccaa4d	Занятие 95
18f6a3a1-8066-4378-90c1-744ffefa1a44	Занятие 92
1a4aa7e4-ed47-4e26-9805-915cc85bd21c	Занятие 115
1b056bfa-f633-4a28-adcb-4b11213da0b9	Занятие 196
1b4e5fcb-0fd4-485d-971e-9a5798b5502f	Занятие 1
1c37e2d4-9512-4234-8f24-646b835a7fa5	Занятие 186
1dd3c814-0135-462a-ade4-5818ca10d604	Занятие 44
244babe7-3d33-42f4-9ff1-edd95658dd70	Занятие 104
26518055-26d7-4aa3-b606-82d8a1089035	Занятие 65
2b97e55a-acfd-4d75-9745-d680934a2fe4	Занятие 107
2cd4e503-4297-4a6a-a890-88b098311dac	Занятие 77
2df61bd6-92cc-48f3-8148-81de3113132d	Занятие 64
2e18aa40-06a2-49ac-9f7b-59e33d21cbb0	Занятие 136
32459551-62ea-499a-96ed-1a449628895a	Занятие 169
33517b23-8535-4709-aa81-8d84daf92107	Занятие 66
34d65596-c404-4deb-ad36-5697e232aa1f	Занятие 26
36b763f8-d203-4300-a889-f474afc8980a	Занятие 153
3822f491-7cce-4a0e-be3c-8fc431c84f24	Занятие 113
39290b9e-a798-46b6-a9a3-496a9065c478	Занятие 57
39872376-eb91-4db1-95ee-3dce63fb5dc8	Занятие 8
3e1f6c65-3661-453f-80de-54ed2ab5260d	Занятие 9
3ee1e085-8a54-4420-9aa0-a45d4768cf74	Занятие 193
3fdaae35-e652-4985-a93b-fbf82b4f2c47	Занятие 67
3fdf7980-f3ef-48bd-ab28-951e73571049	Занятие 185
40e61381-5527-4aca-96b1-3cd0811853e1	Занятие 121
42636460-e5b7-493d-ad98-da0b4a731b43	Занятие 15
45825040-3ed7-4626-9988-76166b162ede	Занятие 97
46ed09e0-ed1c-4128-8b0a-961e76816909	Занятие 159
47e23c10-01d0-4505-ac2f-123eacfffa7c	Занятие 71
47f6ff1a-1b56-4ccf-ba87-ad12005c7306	Занятие 111
4889757d-6d72-490a-b75f-9f0ec944e854	Занятие 167
48b51e80-f71b-47c9-99c6-fc725f5bd0f9	Занятие 45
48f3e9f0-13f3-417d-b644-0a421954c65a	Занятие 68
4971a004-5ed4-4efb-93d9-46c4017733d9	Занятие 191
4a341052-45b4-4ab7-a388-2e5449cb81cf	Занятие 146
4aa2626d-ac2f-4f22-9504-38bbe0e03b35	Занятие 98
4cc739ea-b18a-449e-b21f-6b0f3d946dd6	Занятие 100
4d561c3a-0127-48e5-8608-15af00aa53c8	Занятие 181
5022e375-585c-43e9-86f0-44fe4cf72783	Занятие 69
502a2974-d36d-4421-81dc-84e91f54d16d	Занятие 129
51aaf646-f0ab-410d-ba83-919eaf202996	Занятие 18
51d6372d-c4b1-4459-8b20-372fe34cac03	Занятие 133
53e67338-63d1-4a32-8322-3bd0f94893c1	Занятие 59
56417e08-6252-4cb5-bc63-13e2511c9192	Занятие 90
59d254c6-f980-4734-b29a-639495148676	Занятие 84
5a5a7ab8-e18f-4c2e-bbd6-9eb72fbadaa7	Занятие 164
5d1e5623-a279-4359-ab19-7446a3385ace	Занятие 28
5deb1b8e-8d3a-484b-9c73-5a6079ebe83f	Занятие 22
600faf7b-06ae-4cc7-8fd6-ed37afd58046	Занятие 5
6125cb06-c403-4261-aa57-985078bb3476	Занятие 157
634f8853-6247-4672-ba90-c0bea2dcb0f4	Занятие 124
63d30a3f-3917-4280-97fa-3a6786d9db30	Занятие 195
6415d470-e2a5-41a5-861d-2dd9babd0b0e	Занятие 56
6555a7fa-caac-41e0-a5f9-70cd45fcea60	Занятие 156
66ebe742-4d31-4bec-81be-c80d4f423c48	Занятие 43
6758e5b6-ffd7-451c-ab84-958f4a7873b8	Занятие 163
679d71e6-0eda-4de5-80fd-d7bbfb9072cb	Занятие 138
698400b3-2b65-449d-904c-a975eb54c35d	Занятие 130
6a7da8fd-8b9b-46ca-a5d4-1cc467658aeb	Занятие 112
6ab7996d-addc-4e41-b279-9250c046ed4c	Занятие 58
6b14f08e-f3da-4430-9980-be2e1316e207	Занятие 125
6cf54a43-4719-4052-8718-21b251dc1be9	Занятие 134
6e4cde51-dc2e-4678-96bd-7ee423263454	Занятие 177
6f196cd6-fab2-44fe-8fbf-53bcfcdb7f89	Занятие 194
707edcd5-9ac1-40c5-8442-d8b02297d7b4	Занятие 78
7223fe1a-7388-4732-826e-ded0a12846ac	Занятие 122
730caef4-667c-4b60-85e9-a32c92ac613f	Занятие 50
74818844-56db-4f42-97bb-da22e120c051	Занятие 60
74ca9816-59b2-4961-8160-4336ad8e0df9	Занятие 175
77b88325-26a0-4e9d-b0f4-463b3f3188ba	Занятие 51
77e7d0a2-a44c-4e19-89e1-8d7a4e9e1604	Занятие 119
78abe6bd-b172-44b8-83c7-2ca981144731	Занятие 140
7975b507-1cea-4bb3-bf2f-73bbb783e9d7	Занятие 53
799d4e62-e4fa-4072-b89d-9c98f9745f7d	Занятие 198
7b7423e9-a3ee-4c85-b996-b37c3459ab4b	Занятие 192
7df0ead4-6838-4272-97f8-b41bbb52b9f9	Занятие 48
7ed160da-2563-4984-852e-7cd8c53f98c6	Занятие 10
7f154bdf-aa89-4ffd-b6e8-8925b5acc214	Занятие 7
7f812d00-b8ff-46f8-81e7-14fb09ffe9ad	Занятие 187
80518510-5493-4396-9089-6c9a98db64c0	Занятие 135
83089a91-809a-4403-898d-e7744c247fe0	Занятие 70
8389c848-4242-4320-98b7-faf34c809199	Занятие 23
8465d1da-6904-4412-a69e-bc63a9fb46d1	Занятие 46
85cfbf52-d224-4d4a-a4a6-e1fc2137ca33	Занятие 25
8621ae1f-5fb9-4fdf-989e-82fbbfde70ed	Занятие 126
86fdbfe6-849c-4e54-b80c-191e0296a80c	Занятие 110
88881dfc-0624-4331-ba3e-32002a70c668	Занятие 33
899aa29f-2fdf-4f0a-8c28-ede1e496e5ce	Занятие 176
8c07c715-dfba-4863-aa5a-fa98177279d8	Занятие 114
8c5a829a-d4b2-49e1-9871-860ce2b96a43	Занятие 180
8d061833-afbf-4e8d-85d2-2698304ce433	Занятие 36
8e4c4017-63b9-41a6-9144-489fdbbcb805	Занятие 141
8f8d8ef3-0aca-4f74-8490-731e2bad0576	Занятие 137
8fc8357d-bc72-4be7-9b06-44b245bc196e	Занятие 168
8ff4bb66-a2fd-4a71-a739-eaf250deb49e	Занятие 184
92b713a6-d95d-40b8-b33e-8da5ce455af4	Занятие 154
95498e3f-7ab7-4090-9d4c-b4bc2c2fecb6	Занятие 172
96c2aa5c-0b64-46ad-8c97-2b1872650d45	Занятие 151
96cdb4e3-cd3a-4c99-ad76-756533105959	Занятие 188
974724bf-f2e0-4d13-9c91-391f23882bc5	Занятие 39
976f47d1-2b08-460f-b39a-82cc4ac262f9	Занятие 123
989d8fbd-38ae-4388-896d-e29d68df33d6	Занятие 81
9a186b09-4553-4258-aaa2-188c28510b94	Занятие 42
9c63d851-d55a-4ce8-a791-dee42333e8c0	Занятие 171
9d613522-a126-4612-a8c2-05810b4a1188	Занятие 189
9da1a90a-ebd8-4551-8288-236fac5619ff	Занятие 179
9f0a3338-a7cb-4279-b183-fcedab4534b1	Занятие 149
9f55463a-0947-401c-8f96-deb0702d81ce	Занятие 88
9fa97019-a79c-4bc5-b969-bd39af78bad7	Занятие 13
a00135d2-2922-42f4-b31a-80fdbe60aa78	Занятие 108
a40cf33a-7f57-439b-91db-888b26b650b0	Занятие 4
a5179d7a-71b2-4238-9324-c0fa1b541c7b	Занятие 21
a55f79f1-c40d-4c5f-80f9-2672c1db0f72	Занятие 101
a5a34048-8ec0-48ea-91a4-d27fdff0aa4f	Занятие 109
a615fdb3-1922-4234-b04f-1b681018f160	Занятие 49
a6ce9c81-3b75-4ca8-8f20-17324b424215	Занятие 29
a7196a5c-71a5-409e-8222-164012563ca9	Занятие 17
aa54b8b5-f02e-4fd5-8918-a52b9c196bea	Занятие 31
aaf2e98f-3895-48d8-ba82-319c2e60530b	Занятие 102
ab6e9041-9b52-4026-abe6-d45d1d7f9bd8	Занятие 76
abd51baa-6f25-468a-9d99-72b176c411bd	Занятие 199
acf9cb40-c1e2-4b68-a62a-351a5ef8a602	Занятие 2
ae011f30-2626-4641-b2d4-ab1f3b59fb40	Занятие 155
ae04de54-d5cb-409c-beff-6fcb870ae3e3	Занятие 37
aebdedb4-e270-4645-97b4-b48bd1b7830d	Занятие 144
af4628b3-9416-4fd3-b5d6-e07068a4006d	Занятие 52
af70b9f0-65fe-4afc-b6a0-39d8904ec45c	Занятие 158
b07b1ddb-8e9f-4871-bf48-29b56f18869c	Занятие 79
b0b71671-fdf4-4745-b07d-26574ad696ef	Занятие 87
b4126f40-c697-4082-8bde-6adac6e43680	Занятие 89
b4635d05-1326-404e-a232-8e403ebe82e8	Занятие 106
b4f40a6f-3bfd-48b3-9096-def694411f06	Занятие 166
b50e7d11-ddeb-412b-9624-23f8772ccfde	Занятие 72
b9c58f84-8c29-4056-b325-9294fc67f94e	Занятие 14
b9ca0c2a-258f-4f71-8208-68584c1d0624	Занятие 103
bca3688b-045e-4889-a613-eddb10cdb206	Занятие 30
bd924e30-efe7-45fb-a94e-9488fbdc984d	Занятие 85
bfbede89-db65-438b-bc48-23eff47410a4	Занятие 24
c0451fe8-9c02-40d6-b3f9-fc048822f69b	Занятие 182
c0d1b465-7548-4c45-9004-b0566ac0b743	Занятие 82
c1e51f7b-f98f-4a3c-8d94-df8422e2afb2	Занятие 55
c23c3316-a8d0-4ab0-aa1b-95d53a635444	Занятие 183
c3ecae15-a0af-426f-bd55-4e2d4328c94a	Занятие 83
c63ae6e9-c584-4fd6-b781-3dc811f82556	Занятие 20
c77f8049-3c0d-41c4-b6a7-afdf906d4847	Занятие 16
c78bd079-9fcc-47b3-b4d3-518a7ea4651c	Занятие 197
c94cc7d1-8243-4aa6-8920-23a411fcbfcf	Занятие 161
ca610c60-eb9f-4467-bc8d-26b88af49ab4	Занятие 132
cf5fd797-b314-42a2-8ed2-3277c06ddba3	Занятие 116
cf63bfca-26f4-4523-8508-8cd8fb217fa0	Занятие 148
d003ca44-6d72-4797-a1c6-a203f6a0227a	Занятие 32
d1a0fa0f-9f89-49f0-8175-3a34b13d0172	Занятие 73
d648e87d-3a0f-4777-b787-df1c4ab2424a	Занятие 80
d7ad2fb0-184d-4d1a-a688-83fa9abdb366	Занятие 6
d9f14a37-4214-43a0-ab17-33810f256d30	Занятие 62
dd268d43-15d5-49c1-9729-d1ed69f75714	Занятие 54
dd29bb74-aa80-4505-8c5b-0fa135493598	Занятие 118
e04312b9-802b-4665-86b0-3926e61e4b9b	Занятие 173
e0e943ac-73e5-43bd-9411-9a6a62d83270	Занятие 96
e1b3faef-3c01-4655-ac32-4389155771d7	Занятие 165
e280b52d-f8e5-4483-9e8c-a9da671bd610	Занятие 120
e2810b50-924a-4c90-8536-624bf3fdd981	Занятие 41
e35f7182-44a6-49e6-a981-c3b92179f480	Занятие 128
e3dcfb96-caea-4a0f-9bbd-37fe66eb0555	Занятие 145
e3fa0838-2748-4c6f-a84d-0c517085709b	Занятие 40
e49f7adf-78d1-4a01-beeb-eea020b776a5	Занятие 127
e75baafc-28d6-46c1-a722-2ff8749208cf	Занятие 150
e8914b18-1845-4c04-8148-2fb971cbbc92	Занятие 86
e9da69ec-8ff3-49cd-afe5-369b8f23923c	Занятие 63
ea7fe25a-6c55-496e-b75f-011cff2eea2a	Занятие 74
eab444f7-6398-4cdc-8499-5cc1ea27d36b	Занятие 142
eb76b243-d303-4872-89bc-a34a0cd17ce0	Занятие 200
ec50c8b1-6ccc-43a5-90a2-9329092bcc47	Занятие 178
ed641f19-9d51-42b6-9480-8c633fbf019b	Занятие 174
ee7907c4-9ddf-4d71-898d-392103b6ee5b	Занятие 143
ef306595-a8c9-4795-92d5-4ce6c9541167	Занятие 152
ef4a9311-b7c8-4a28-b1ce-44ed67694678	Занятие 12
ef86dbec-db12-4809-9537-acab41724195	Занятие 47
ef9f0305-c882-45de-a45b-a12272b8a745	Занятие 190
f166f3f4-a685-4c2c-b3b7-75c1621eaa10	Занятие 139
f543f596-8c4a-4f04-b308-f509c2a70858	Занятие 91
f9446a4a-36bf-4515-adb4-3aa41fed8e3c	Занятие 162
fbf379c0-3978-49f6-a90e-381ffdf1dc32	Занятие 35
fd216ae7-80e1-46d8-8738-d1fdea7ea206	Занятие 105
fec86bae-68de-48a1-901a-2c5bf05d4657	Занятие 11
\.


--
-- TOC entry 3430 (class 0 OID 170975)
-- Dependencies: 224
-- Data for Name: ProgramToLessons; Type: TABLE DATA; Schema: public; Owner: -
--

COPY public."ProgramToLessons" ("LessonUid", "TProgramUid") FROM stdin;
0417c792-8410-4f67-89c7-926eff200fc2	1d179d39-79e2-427b-a372-e4b99aca1d8c
0417c792-8410-4f67-89c7-926eff200fc2	7bdde886-4e5a-4b4c-82e6-f23f50a266f9
0fdec482-1864-4c50-a5cb-5a5192f1bc8c	408302e8-0036-4c52-8542-5dd4b7b11465
0fdec482-1864-4c50-a5cb-5a5192f1bc8c	b756bc7a-94ee-4dea-a69e-8e539a3c7435
0fdec482-1864-4c50-a5cb-5a5192f1bc8c	c74203c8-294d-4179-8d0f-3a8e6eba0b9b
135ef215-7e4c-4c39-8d1f-0b869f825a51	5dbc8971-1734-4d2a-b056-016b57857d6e
135ef215-7e4c-4c39-8d1f-0b869f825a51	901a8287-998f-42b7-b8aa-8ef067f4c02b
135ef215-7e4c-4c39-8d1f-0b869f825a51	a892fb64-9154-4659-82f2-b6863205e50d
177cb270-eb48-42f9-a3c2-27942bc835ca	399df459-6646-4ad6-af0e-175585a401f1
17b60f85-3a92-4b81-ba12-402b8bdd2c1f	7a6341a5-58c3-4172-a23f-120d5227b062
1895de44-8925-4bdb-810d-9149dfccaa4d	02effeb7-6020-452c-90d2-32923bdf9d74
1a4aa7e4-ed47-4e26-9805-915cc85bd21c	3d8d6df1-c732-450b-9e70-c8546cbfcfba
1a4aa7e4-ed47-4e26-9805-915cc85bd21c	a7256010-3ca7-4e43-8e7d-a2638b9e0009
1b4e5fcb-0fd4-485d-971e-9a5798b5502f	6a81987e-a268-4a7f-90bb-3dbd83e44a6e
1dd3c814-0135-462a-ade4-5818ca10d604	a8871c1a-f489-40ad-8581-28fca174ac49
244babe7-3d33-42f4-9ff1-edd95658dd70	02effeb7-6020-452c-90d2-32923bdf9d74
244babe7-3d33-42f4-9ff1-edd95658dd70	408302e8-0036-4c52-8542-5dd4b7b11465
244babe7-3d33-42f4-9ff1-edd95658dd70	a892fb64-9154-4659-82f2-b6863205e50d
26518055-26d7-4aa3-b606-82d8a1089035	2d8461d9-be58-4b17-bd28-2a5909d5a21d
26518055-26d7-4aa3-b606-82d8a1089035	4a3787d1-554b-4f77-a5a5-d97d4b548eb7
2df61bd6-92cc-48f3-8148-81de3113132d	29adf650-b447-4888-8722-fb1bf6b855df
32459551-62ea-499a-96ed-1a449628895a	65f3c68d-fcd0-4464-928e-357c2f977a7e
34d65596-c404-4deb-ad36-5697e232aa1f	e76ef7d1-bd5a-455d-87d9-76aa7b368a4c
3822f491-7cce-4a0e-be3c-8fc431c84f24	496d030e-3d48-4e26-864b-e0442d868b77
3822f491-7cce-4a0e-be3c-8fc431c84f24	579c80e9-762b-4313-91de-8109e2c7b7c5
3822f491-7cce-4a0e-be3c-8fc431c84f24	c74203c8-294d-4179-8d0f-3a8e6eba0b9b
39290b9e-a798-46b6-a9a3-496a9065c478	c74203c8-294d-4179-8d0f-3a8e6eba0b9b
39872376-eb91-4db1-95ee-3dce63fb5dc8	901a8287-998f-42b7-b8aa-8ef067f4c02b
39872376-eb91-4db1-95ee-3dce63fb5dc8	e28033ce-db9c-47f8-b8c5-cf1db59dbbed
3e1f6c65-3661-453f-80de-54ed2ab5260d	0b7339e2-e287-480b-aade-5618144af6d1
3ee1e085-8a54-4420-9aa0-a45d4768cf74	399df459-6646-4ad6-af0e-175585a401f1
3fdaae35-e652-4985-a93b-fbf82b4f2c47	2d8461d9-be58-4b17-bd28-2a5909d5a21d
3fdf7980-f3ef-48bd-ab28-951e73571049	1d179d39-79e2-427b-a372-e4b99aca1d8c
3fdf7980-f3ef-48bd-ab28-951e73571049	7bdde886-4e5a-4b4c-82e6-f23f50a266f9
40e61381-5527-4aca-96b1-3cd0811853e1	579c80e9-762b-4313-91de-8109e2c7b7c5
42636460-e5b7-493d-ad98-da0b4a731b43	3bfa658c-7ce9-4036-8011-79ca64834610
46ed09e0-ed1c-4128-8b0a-961e76816909	8d06b4c8-75c5-47c6-872b-ebb2ff7d9daf
47e23c10-01d0-4505-ac2f-123eacfffa7c	1ca05b25-b646-4e8a-b5da-f81c52a15ef6
47e23c10-01d0-4505-ac2f-123eacfffa7c	35c128f1-8c82-4344-97df-250527cf5f5b
47e23c10-01d0-4505-ac2f-123eacfffa7c	a1a3861c-aa1e-463c-adb7-7989fc9862c5
47e23c10-01d0-4505-ac2f-123eacfffa7c	b98c9bee-110f-4e88-a2de-62352a612c59
4889757d-6d72-490a-b75f-9f0ec944e854	f0ebd1df-102e-4d46-aedf-da6958500548
4aa2626d-ac2f-4f22-9504-38bbe0e03b35	b756bc7a-94ee-4dea-a69e-8e539a3c7435
4cc739ea-b18a-449e-b21f-6b0f3d946dd6	a892fb64-9154-4659-82f2-b6863205e50d
502a2974-d36d-4421-81dc-84e91f54d16d	1ca05b25-b646-4e8a-b5da-f81c52a15ef6
502a2974-d36d-4421-81dc-84e91f54d16d	27b414cc-43d5-4173-bbfb-adfe2cfa9686
502a2974-d36d-4421-81dc-84e91f54d16d	2d8461d9-be58-4b17-bd28-2a5909d5a21d
51aaf646-f0ab-410d-ba83-919eaf202996	a1209ee4-4edf-48c5-8ca1-9870b89b5b9e
51d6372d-c4b1-4459-8b20-372fe34cac03	5dbc8971-1734-4d2a-b056-016b57857d6e
53e67338-63d1-4a32-8322-3bd0f94893c1	1a4c639c-3f03-4770-a5d1-1ff1344c512b
56417e08-6252-4cb5-bc63-13e2511c9192	5dbc8971-1734-4d2a-b056-016b57857d6e
59d254c6-f980-4734-b29a-639495148676	35c128f1-8c82-4344-97df-250527cf5f5b
59d254c6-f980-4734-b29a-639495148676	b756bc7a-94ee-4dea-a69e-8e539a3c7435
5a5a7ab8-e18f-4c2e-bbd6-9eb72fbadaa7	1d179d39-79e2-427b-a372-e4b99aca1d8c
5d1e5623-a279-4359-ab19-7446a3385ace	27a55248-83e9-4c45-93ee-fef14db296bd
5d1e5623-a279-4359-ab19-7446a3385ace	9579dbe3-c0c2-406d-952e-43cf699eb77f
5d1e5623-a279-4359-ab19-7446a3385ace	a1209ee4-4edf-48c5-8ca1-9870b89b5b9e
5deb1b8e-8d3a-484b-9c73-5a6079ebe83f	496d030e-3d48-4e26-864b-e0442d868b77
5deb1b8e-8d3a-484b-9c73-5a6079ebe83f	7601f1bb-0b26-4671-b3d4-397093342f34
5deb1b8e-8d3a-484b-9c73-5a6079ebe83f	8d06b4c8-75c5-47c6-872b-ebb2ff7d9daf
5deb1b8e-8d3a-484b-9c73-5a6079ebe83f	c74203c8-294d-4179-8d0f-3a8e6eba0b9b
634f8853-6247-4672-ba90-c0bea2dcb0f4	7eaaa658-dc3f-4b62-8ba5-5ff9b16f3242
63d30a3f-3917-4280-97fa-3a6786d9db30	1a4c639c-3f03-4770-a5d1-1ff1344c512b
63d30a3f-3917-4280-97fa-3a6786d9db30	1fd42baf-e8a0-4892-9d0c-c83f2d2ea6ef
63d30a3f-3917-4280-97fa-3a6786d9db30	4dc48522-ebbf-485b-a19f-4dc33d21159e
6555a7fa-caac-41e0-a5f9-70cd45fcea60	27b414cc-43d5-4173-bbfb-adfe2cfa9686
6555a7fa-caac-41e0-a5f9-70cd45fcea60	b756bc7a-94ee-4dea-a69e-8e539a3c7435
66ebe742-4d31-4bec-81be-c80d4f423c48	0b7339e2-e287-480b-aade-5618144af6d1
66ebe742-4d31-4bec-81be-c80d4f423c48	c0f4d784-0ac6-4e72-bd5e-f7ab8ec37f50
6758e5b6-ffd7-451c-ab84-958f4a7873b8	1fd42baf-e8a0-4892-9d0c-c83f2d2ea6ef
6758e5b6-ffd7-451c-ab84-958f4a7873b8	408302e8-0036-4c52-8542-5dd4b7b11465
679d71e6-0eda-4de5-80fd-d7bbfb9072cb	901a8287-998f-42b7-b8aa-8ef067f4c02b
679d71e6-0eda-4de5-80fd-d7bbfb9072cb	c74203c8-294d-4179-8d0f-3a8e6eba0b9b
698400b3-2b65-449d-904c-a975eb54c35d	9feeb5f0-6d60-40f7-8b6f-ac7321d2ea4f
6ab7996d-addc-4e41-b279-9250c046ed4c	1d179d39-79e2-427b-a372-e4b99aca1d8c
6ab7996d-addc-4e41-b279-9250c046ed4c	e76ef7d1-bd5a-455d-87d9-76aa7b368a4c
6cf54a43-4719-4052-8718-21b251dc1be9	6e6175a7-90d1-4472-98ce-717755f1830a
6e4cde51-dc2e-4678-96bd-7ee423263454	399df459-6646-4ad6-af0e-175585a401f1
6f196cd6-fab2-44fe-8fbf-53bcfcdb7f89	0b7339e2-e287-480b-aade-5618144af6d1
6f196cd6-fab2-44fe-8fbf-53bcfcdb7f89	e28033ce-db9c-47f8-b8c5-cf1db59dbbed
707edcd5-9ac1-40c5-8442-d8b02297d7b4	e4858983-23e5-4829-8e3b-e507c09b62c4
7223fe1a-7388-4732-826e-ded0a12846ac	7eaaa658-dc3f-4b62-8ba5-5ff9b16f3242
7223fe1a-7388-4732-826e-ded0a12846ac	c74203c8-294d-4179-8d0f-3a8e6eba0b9b
74818844-56db-4f42-97bb-da22e120c051	1ca05b25-b646-4e8a-b5da-f81c52a15ef6
74818844-56db-4f42-97bb-da22e120c051	3d8d6df1-c732-450b-9e70-c8546cbfcfba
74ca9816-59b2-4961-8160-4336ad8e0df9	6a81987e-a268-4a7f-90bb-3dbd83e44a6e
77b88325-26a0-4e9d-b0f4-463b3f3188ba	3bfa658c-7ce9-4036-8011-79ca64834610
77b88325-26a0-4e9d-b0f4-463b3f3188ba	7eaaa658-dc3f-4b62-8ba5-5ff9b16f3242
77e7d0a2-a44c-4e19-89e1-8d7a4e9e1604	35c128f1-8c82-4344-97df-250527cf5f5b
799d4e62-e4fa-4072-b89d-9c98f9745f7d	c0f4d784-0ac6-4e72-bd5e-f7ab8ec37f50
7b7423e9-a3ee-4c85-b996-b37c3459ab4b	1d179d39-79e2-427b-a372-e4b99aca1d8c
7b7423e9-a3ee-4c85-b996-b37c3459ab4b	9579dbe3-c0c2-406d-952e-43cf699eb77f
7b7423e9-a3ee-4c85-b996-b37c3459ab4b	a8871c1a-f489-40ad-8581-28fca174ac49
7f154bdf-aa89-4ffd-b6e8-8925b5acc214	1a4c639c-3f03-4770-a5d1-1ff1344c512b
83089a91-809a-4403-898d-e7744c247fe0	a1a3861c-aa1e-463c-adb7-7989fc9862c5
8389c848-4242-4320-98b7-faf34c809199	27b414cc-43d5-4173-bbfb-adfe2cfa9686
8389c848-4242-4320-98b7-faf34c809199	3bfa658c-7ce9-4036-8011-79ca64834610
8389c848-4242-4320-98b7-faf34c809199	7eaaa658-dc3f-4b62-8ba5-5ff9b16f3242
8465d1da-6904-4412-a69e-bc63a9fb46d1	d7e7e2d7-b45f-4530-af07-44aa192e9728
85cfbf52-d224-4d4a-a4a6-e1fc2137ca33	4dc48522-ebbf-485b-a19f-4dc33d21159e
8621ae1f-5fb9-4fdf-989e-82fbbfde70ed	7601f1bb-0b26-4671-b3d4-397093342f34
8621ae1f-5fb9-4fdf-989e-82fbbfde70ed	afb68791-fab0-4120-8431-6a00b4eaa26b
88881dfc-0624-4331-ba3e-32002a70c668	1fd42baf-e8a0-4892-9d0c-c83f2d2ea6ef
8c07c715-dfba-4863-aa5a-fa98177279d8	2d8461d9-be58-4b17-bd28-2a5909d5a21d
8c07c715-dfba-4863-aa5a-fa98177279d8	6e6175a7-90d1-4472-98ce-717755f1830a
92b713a6-d95d-40b8-b33e-8da5ce455af4	1a4c639c-3f03-4770-a5d1-1ff1344c512b
95498e3f-7ab7-4090-9d4c-b4bc2c2fecb6	496d030e-3d48-4e26-864b-e0442d868b77
96c2aa5c-0b64-46ad-8c97-2b1872650d45	b756bc7a-94ee-4dea-a69e-8e539a3c7435
974724bf-f2e0-4d13-9c91-391f23882bc5	4dc48522-ebbf-485b-a19f-4dc33d21159e
976f47d1-2b08-460f-b39a-82cc4ac262f9	901a8287-998f-42b7-b8aa-8ef067f4c02b
976f47d1-2b08-460f-b39a-82cc4ac262f9	f0ebd1df-102e-4d46-aedf-da6958500548
989d8fbd-38ae-4388-896d-e29d68df33d6	6e6175a7-90d1-4472-98ce-717755f1830a
989d8fbd-38ae-4388-896d-e29d68df33d6	c0f4d784-0ac6-4e72-bd5e-f7ab8ec37f50
9c63d851-d55a-4ce8-a791-dee42333e8c0	a892fb64-9154-4659-82f2-b6863205e50d
9d613522-a126-4612-a8c2-05810b4a1188	e76ef7d1-bd5a-455d-87d9-76aa7b368a4c
9da1a90a-ebd8-4551-8288-236fac5619ff	02effeb7-6020-452c-90d2-32923bdf9d74
9da1a90a-ebd8-4551-8288-236fac5619ff	1ca05b25-b646-4e8a-b5da-f81c52a15ef6
9f0a3338-a7cb-4279-b183-fcedab4534b1	c0f4d784-0ac6-4e72-bd5e-f7ab8ec37f50
9f55463a-0947-401c-8f96-deb0702d81ce	1ca05b25-b646-4e8a-b5da-f81c52a15ef6
9fa97019-a79c-4bc5-b969-bd39af78bad7	b98c9bee-110f-4e88-a2de-62352a612c59
a00135d2-2922-42f4-b31a-80fdbe60aa78	2d8461d9-be58-4b17-bd28-2a5909d5a21d
a5179d7a-71b2-4238-9324-c0fa1b541c7b	5dbc8971-1734-4d2a-b056-016b57857d6e
a5179d7a-71b2-4238-9324-c0fa1b541c7b	65f3c68d-fcd0-4464-928e-357c2f977a7e
a5179d7a-71b2-4238-9324-c0fa1b541c7b	b98c9bee-110f-4e88-a2de-62352a612c59
a55f79f1-c40d-4c5f-80f9-2672c1db0f72	27a55248-83e9-4c45-93ee-fef14db296bd
a615fdb3-1922-4234-b04f-1b681018f160	0b7339e2-e287-480b-aade-5618144af6d1
a615fdb3-1922-4234-b04f-1b681018f160	27b414cc-43d5-4173-bbfb-adfe2cfa9686
a615fdb3-1922-4234-b04f-1b681018f160	399df459-6646-4ad6-af0e-175585a401f1
a6ce9c81-3b75-4ca8-8f20-17324b424215	25e9b511-bd42-4c06-9b83-67f5c6e139ee
a7196a5c-71a5-409e-8222-164012563ca9	4a3787d1-554b-4f77-a5a5-d97d4b548eb7
a7196a5c-71a5-409e-8222-164012563ca9	9feeb5f0-6d60-40f7-8b6f-ac7321d2ea4f
aa54b8b5-f02e-4fd5-8918-a52b9c196bea	6a81987e-a268-4a7f-90bb-3dbd83e44a6e
aaf2e98f-3895-48d8-ba82-319c2e60530b	399df459-6646-4ad6-af0e-175585a401f1
aaf2e98f-3895-48d8-ba82-319c2e60530b	6a81987e-a268-4a7f-90bb-3dbd83e44a6e
ab6e9041-9b52-4026-abe6-d45d1d7f9bd8	29adf650-b447-4888-8722-fb1bf6b855df
ab6e9041-9b52-4026-abe6-d45d1d7f9bd8	3d8d6df1-c732-450b-9e70-c8546cbfcfba
ab6e9041-9b52-4026-abe6-d45d1d7f9bd8	579c80e9-762b-4313-91de-8109e2c7b7c5
abd51baa-6f25-468a-9d99-72b176c411bd	65f3c68d-fcd0-4464-928e-357c2f977a7e
ae04de54-d5cb-409c-beff-6fcb870ae3e3	7bdde886-4e5a-4b4c-82e6-f23f50a266f9
aebdedb4-e270-4645-97b4-b48bd1b7830d	b98c9bee-110f-4e88-a2de-62352a612c59
af70b9f0-65fe-4afc-b6a0-39d8904ec45c	7a6c7e06-4135-4e1b-a15f-c45b6f8c2086
b07b1ddb-8e9f-4871-bf48-29b56f18869c	399df459-6646-4ad6-af0e-175585a401f1
b07b1ddb-8e9f-4871-bf48-29b56f18869c	afb68791-fab0-4120-8431-6a00b4eaa26b
b0b71671-fdf4-4745-b07d-26574ad696ef	4dc48522-ebbf-485b-a19f-4dc33d21159e
b0b71671-fdf4-4745-b07d-26574ad696ef	7bdde886-4e5a-4b4c-82e6-f23f50a266f9
b4635d05-1326-404e-a232-8e403ebe82e8	5dbc8971-1734-4d2a-b056-016b57857d6e
b50e7d11-ddeb-412b-9624-23f8772ccfde	7a6341a5-58c3-4172-a23f-120d5227b062
b9c58f84-8c29-4056-b325-9294fc67f94e	9feeb5f0-6d60-40f7-8b6f-ac7321d2ea4f
b9ca0c2a-258f-4f71-8208-68584c1d0624	1ca05b25-b646-4e8a-b5da-f81c52a15ef6
b9ca0c2a-258f-4f71-8208-68584c1d0624	a7256010-3ca7-4e43-8e7d-a2638b9e0009
bca3688b-045e-4889-a613-eddb10cdb206	6e6175a7-90d1-4472-98ce-717755f1830a
c1e51f7b-f98f-4a3c-8d94-df8422e2afb2	399df459-6646-4ad6-af0e-175585a401f1
c1e51f7b-f98f-4a3c-8d94-df8422e2afb2	7eaaa658-dc3f-4b62-8ba5-5ff9b16f3242
c3ecae15-a0af-426f-bd55-4e2d4328c94a	901a8287-998f-42b7-b8aa-8ef067f4c02b
c3ecae15-a0af-426f-bd55-4e2d4328c94a	9feeb5f0-6d60-40f7-8b6f-ac7321d2ea4f
c63ae6e9-c584-4fd6-b781-3dc811f82556	6a81987e-a268-4a7f-90bb-3dbd83e44a6e
c63ae6e9-c584-4fd6-b781-3dc811f82556	a1a3861c-aa1e-463c-adb7-7989fc9862c5
c77f8049-3c0d-41c4-b6a7-afdf906d4847	1ca05b25-b646-4e8a-b5da-f81c52a15ef6
c78bd079-9fcc-47b3-b4d3-518a7ea4651c	f0ebd1df-102e-4d46-aedf-da6958500548
c94cc7d1-8243-4aa6-8920-23a411fcbfcf	6a81987e-a268-4a7f-90bb-3dbd83e44a6e
c94cc7d1-8243-4aa6-8920-23a411fcbfcf	bea996d7-2247-4102-a628-3ae1802db647
ca610c60-eb9f-4467-bc8d-26b88af49ab4	1fd42baf-e8a0-4892-9d0c-c83f2d2ea6ef
cf5fd797-b314-42a2-8ed2-3277c06ddba3	25e9b511-bd42-4c06-9b83-67f5c6e139ee
d003ca44-6d72-4797-a1c6-a203f6a0227a	1d179d39-79e2-427b-a372-e4b99aca1d8c
d003ca44-6d72-4797-a1c6-a203f6a0227a	4dc48522-ebbf-485b-a19f-4dc33d21159e
d003ca44-6d72-4797-a1c6-a203f6a0227a	7a6c7e06-4135-4e1b-a15f-c45b6f8c2086
d1a0fa0f-9f89-49f0-8175-3a34b13d0172	2d8461d9-be58-4b17-bd28-2a5909d5a21d
d7ad2fb0-184d-4d1a-a688-83fa9abdb366	5dbc8971-1734-4d2a-b056-016b57857d6e
d9f14a37-4214-43a0-ab17-33810f256d30	2d8461d9-be58-4b17-bd28-2a5909d5a21d
dd268d43-15d5-49c1-9729-d1ed69f75714	02effeb7-6020-452c-90d2-32923bdf9d74
dd268d43-15d5-49c1-9729-d1ed69f75714	29adf650-b447-4888-8722-fb1bf6b855df
dd268d43-15d5-49c1-9729-d1ed69f75714	3bfa658c-7ce9-4036-8011-79ca64834610
dd268d43-15d5-49c1-9729-d1ed69f75714	4dc48522-ebbf-485b-a19f-4dc33d21159e
e1b3faef-3c01-4655-ac32-4389155771d7	b756bc7a-94ee-4dea-a69e-8e539a3c7435
e1b3faef-3c01-4655-ac32-4389155771d7	e4858983-23e5-4829-8e3b-e507c09b62c4
e2810b50-924a-4c90-8536-624bf3fdd981	408302e8-0036-4c52-8542-5dd4b7b11465
e2810b50-924a-4c90-8536-624bf3fdd981	4a3787d1-554b-4f77-a5a5-d97d4b548eb7
e35f7182-44a6-49e6-a981-c3b92179f480	6a81987e-a268-4a7f-90bb-3dbd83e44a6e
e3dcfb96-caea-4a0f-9bbd-37fe66eb0555	a1a3861c-aa1e-463c-adb7-7989fc9862c5
e49f7adf-78d1-4a01-beeb-eea020b776a5	65f3c68d-fcd0-4464-928e-357c2f977a7e
e49f7adf-78d1-4a01-beeb-eea020b776a5	a7256010-3ca7-4e43-8e7d-a2638b9e0009
e75baafc-28d6-46c1-a722-2ff8749208cf	3d8d6df1-c732-450b-9e70-c8546cbfcfba
e75baafc-28d6-46c1-a722-2ff8749208cf	5dbc8971-1734-4d2a-b056-016b57857d6e
e75baafc-28d6-46c1-a722-2ff8749208cf	7601f1bb-0b26-4671-b3d4-397093342f34
e8914b18-1845-4c04-8148-2fb971cbbc92	7601f1bb-0b26-4671-b3d4-397093342f34
ea7fe25a-6c55-496e-b75f-011cff2eea2a	6e6175a7-90d1-4472-98ce-717755f1830a
eab444f7-6398-4cdc-8499-5cc1ea27d36b	35c128f1-8c82-4344-97df-250527cf5f5b
eab444f7-6398-4cdc-8499-5cc1ea27d36b	6a81987e-a268-4a7f-90bb-3dbd83e44a6e
eb76b243-d303-4872-89bc-a34a0cd17ce0	6e6175a7-90d1-4472-98ce-717755f1830a
ed641f19-9d51-42b6-9480-8c633fbf019b	d7e7e2d7-b45f-4530-af07-44aa192e9728
ed641f19-9d51-42b6-9480-8c633fbf019b	e76ef7d1-bd5a-455d-87d9-76aa7b368a4c
ef86dbec-db12-4809-9537-acab41724195	e28033ce-db9c-47f8-b8c5-cf1db59dbbed
ef9f0305-c882-45de-a45b-a12272b8a745	579c80e9-762b-4313-91de-8109e2c7b7c5
ef9f0305-c882-45de-a45b-a12272b8a745	7a6341a5-58c3-4172-a23f-120d5227b062
f166f3f4-a685-4c2c-b3b7-75c1621eaa10	5dbc8971-1734-4d2a-b056-016b57857d6e
f9446a4a-36bf-4515-adb4-3aa41fed8e3c	1d179d39-79e2-427b-a372-e4b99aca1d8c
f9446a4a-36bf-4515-adb4-3aa41fed8e3c	7a6c7e06-4135-4e1b-a15f-c45b6f8c2086
f9446a4a-36bf-4515-adb4-3aa41fed8e3c	8d06b4c8-75c5-47c6-872b-ebb2ff7d9daf
f9446a4a-36bf-4515-adb4-3aa41fed8e3c	bea996d7-2247-4102-a628-3ae1802db647
fd216ae7-80e1-46d8-8738-d1fdea7ea206	29adf650-b447-4888-8722-fb1bf6b855df
\.


--
-- TOC entry 3424 (class 0 OID 170887)
-- Dependencies: 218
-- Data for Name: Specialties; Type: TABLE DATA; Schema: public; Owner: -
--

COPY public."Specialties" ("Uid", "Name") FROM stdin;
1d519ebc-0260-4c4e-98db-debcd4437abf	Специальность 10
25309014-acd1-46df-9479-180292b832d6	Специальность 7
2c9db159-41d6-4014-9d36-0e1da92a025e	Специальность 9
402eb7fc-35f2-4f84-ac49-34b6d88541ab	Специальность 3
46d8fa89-005b-49d6-b6f4-32cf76528d78	Специальность 6
a5c4d243-a13f-4903-9fc7-f06bac81e902	Специальность 5
c051d1a2-5adb-4468-b219-964389c971e4	Специальность 2
d552408c-897e-4248-93bd-3a540fffdd7a	Специальность 4
dd6c1dda-16cd-496b-ae29-4686435daa2a	Специальность 8
f87c99a1-2e26-490b-82c1-39d398220456	Специальность 1
\.


--
-- TOC entry 3425 (class 0 OID 170894)
-- Dependencies: 219
-- Data for Name: Staff; Type: TABLE DATA; Schema: public; Owner: -
--

COPY public."Staff" ("Uid", "Name") FROM stdin;
02ea49fe-af70-4e4a-9626-4766ec0b9fcd	Лектор 20
0b76f409-0ed9-4488-b924-67f0d240235d	Лектор 15
0ddfffd0-780b-4121-891d-b5b4c105ff0c	Лектор 17
1cffe0a5-55bd-4d57-b806-544092509e48	Лектор 16
1ea5d163-7aa7-4d0a-aec0-c56d62045312	Лектор 10
38d3c966-38d7-405f-b6d3-020d531c7737	Лектор 3
455ed501-b8ab-4ce3-8041-0784b7a78119	Лектор 12
4ed30121-c4a9-4b7d-b058-ef7178ee10e5	Лектор 5
52aef635-f9ee-4956-bad3-4613ff7af28c	Лектор 7
6441ff9b-84a1-47ff-9c81-e3e759d9383d	Лектор 8
86acbea8-7d9a-4035-9f02-7578698fa4ff	Лектор 14
8b2ee031-0452-40d0-8bbf-339230242a22	Лектор 4
9470b6a4-bd4f-4a65-b8fd-f7b1f4a6cac8	Лектор 2
96f7d825-2ec3-4ea5-91e3-bd8c37b3fd5d	Лектор 13
9a4468ca-1422-4e29-b372-2a07a9570f0a	Лектор 18
a7fb8d5a-d3f3-40a1-9d9d-4bdaaf8c08dc	Лектор 11
b74fea2e-71f8-40c1-b30e-e642f5c5d591	Лектор 19
c04af87c-01b0-4061-8a30-af7650d076c5	Лектор 9
ecaa2b25-129b-43f8-b11f-6f2a7fa12198	Лектор 6
fa88ae0e-04ea-4d85-9da5-5e13297c6c48	Лектор 1
\.


--
-- TOC entry 3431 (class 0 OID 170990)
-- Dependencies: 225
-- Data for Name: Students; Type: TABLE DATA; Schema: public; Owner: -
--

COPY public."Students" ("Uid", "Name", "GroupUid") FROM stdin;
000eb569-5ffd-47f4-8a8e-dd135b9fdacc	Студент 121	45c77a60-cb38-4d65-9dae-c03376b44e14
0193c6c2-6e2f-4316-a5e1-d792a8fd9d73	Студент 225	7b0659d5-22bd-44b5-a707-e4da9354e428
01dfd372-c75f-4f9f-9223-497fe662c004	Студент 431	13d424e8-2aca-423e-b91f-8cbf8ee27575
02e86cd5-8200-4a16-8e88-08c0c29614aa	Студент 238	793a0dad-36eb-414a-8d5f-580be80abf43
02e8c192-35ef-4f4a-bb8e-e4d45def4a74	Студент 190	793a0dad-36eb-414a-8d5f-580be80abf43
03e01f0b-dd62-4c6b-acb6-ad5b1da588a7	Студент 498	858db585-3171-48a4-970e-caeaccf179a6
041f8027-5664-4356-8b74-87471c6864ef	Студент 348	45c77a60-cb38-4d65-9dae-c03376b44e14
04ddb17a-b3a5-4977-be12-05975772f93c	Студент 69	7b0659d5-22bd-44b5-a707-e4da9354e428
077c4967-4c25-4dc7-8c3f-7da18eee340d	Студент 264	13d424e8-2aca-423e-b91f-8cbf8ee27575
082fde39-c319-4bd6-8686-ec23d32036ac	Студент 306	793a0dad-36eb-414a-8d5f-580be80abf43
091b4bce-65f5-475d-88d5-69770821b968	Студент 429	13d424e8-2aca-423e-b91f-8cbf8ee27575
09900cde-5f0e-420a-9205-8c3ea9a5319f	Студент 113	7b0659d5-22bd-44b5-a707-e4da9354e428
09a7097a-850e-46e7-b1e5-7e08c43fdccc	Студент 112	45c77a60-cb38-4d65-9dae-c03376b44e14
0a7836a4-bd68-4229-a93b-aa74a249374e	Студент 148	793a0dad-36eb-414a-8d5f-580be80abf43
0ad21b34-fd3c-49c4-8fbe-3c0f26fd9a70	Студент 412	793a0dad-36eb-414a-8d5f-580be80abf43
0b077df5-a9f4-4eac-9940-bd76a6a586e4	Студент 119	45c77a60-cb38-4d65-9dae-c03376b44e14
0be153e2-9f63-4b24-8ef2-8d585ee9e11a	Студент 266	793a0dad-36eb-414a-8d5f-580be80abf43
0c8019d5-3457-4b01-ba51-f55b80a5a301	Студент 162	13d424e8-2aca-423e-b91f-8cbf8ee27575
0d425960-e7bd-425e-870e-5ace99c62cf5	Студент 56	793a0dad-36eb-414a-8d5f-580be80abf43
0d4333d8-a9c9-460b-a118-faa900c2e212	Студент 47	793a0dad-36eb-414a-8d5f-580be80abf43
0db0b2e4-d29a-42c2-aabf-09b0fbff04c4	Студент 388	7b0659d5-22bd-44b5-a707-e4da9354e428
0e0cbfa4-5208-4aa6-b5da-654f3560778f	Студент 333	7b0659d5-22bd-44b5-a707-e4da9354e428
0e54aff3-af77-41d8-a8c9-cd0942493ba3	Студент 330	858db585-3171-48a4-970e-caeaccf179a6
0e7d6e81-3378-4e04-98d7-796e2867c567	Студент 169	45c77a60-cb38-4d65-9dae-c03376b44e14
0ee90468-1b12-4e13-b156-4203061cdbb6	Студент 72	793a0dad-36eb-414a-8d5f-580be80abf43
0f3dd79a-9b1c-4aac-aaae-46f4e0868f1e	Студент 43	858db585-3171-48a4-970e-caeaccf179a6
0fb9bcc1-368c-4e07-9e25-d926abfc5f94	Студент 192	793a0dad-36eb-414a-8d5f-580be80abf43
1024061f-ab3d-4917-95d6-8b45a829a119	Студент 285	858db585-3171-48a4-970e-caeaccf179a6
103b7580-3134-4672-8977-984602000ed7	Студент 131	7b0659d5-22bd-44b5-a707-e4da9354e428
104a9081-e53b-4722-b94a-fbfe4a34296c	Студент 270	793a0dad-36eb-414a-8d5f-580be80abf43
10c9e8bb-508a-4e7c-a716-3215ad32a2e5	Студент 13	7b0659d5-22bd-44b5-a707-e4da9354e428
112240c8-98a4-4ac3-a754-2fc2daf0c5c4	Студент 386	7b0659d5-22bd-44b5-a707-e4da9354e428
11ccbc4c-5eae-459b-b673-5da0897ce783	Студент 375	7b0659d5-22bd-44b5-a707-e4da9354e428
124f806f-4f6a-4375-86da-684ca8f1837d	Студент 294	7b0659d5-22bd-44b5-a707-e4da9354e428
132411c7-6ab1-4796-9c32-93ad03e1f098	Студент 448	858db585-3171-48a4-970e-caeaccf179a6
132ab51f-aed6-40ea-9ae7-c893aeaa3a65	Студент 174	7b0659d5-22bd-44b5-a707-e4da9354e428
1332f210-9d12-473f-ba27-9cb72a38f770	Студент 441	793a0dad-36eb-414a-8d5f-580be80abf43
13f32d4f-1a7e-4ea5-b268-f0273506423a	Студент 409	793a0dad-36eb-414a-8d5f-580be80abf43
14370703-948f-4ad6-bcf2-68233deeb456	Студент 335	13d424e8-2aca-423e-b91f-8cbf8ee27575
146212e0-4deb-4ebd-a708-a2ec967c2363	Студент 45	7b0659d5-22bd-44b5-a707-e4da9354e428
1495ed6c-aee7-4441-959c-6d6541c12a50	Студент 370	45c77a60-cb38-4d65-9dae-c03376b44e14
14bec87d-d56c-47f3-b4d9-515941c87b07	Студент 221	13d424e8-2aca-423e-b91f-8cbf8ee27575
14eae5d4-42e7-474d-bed2-dbac38597931	Студент 144	793a0dad-36eb-414a-8d5f-580be80abf43
14eafaa4-5bbf-4041-a102-e825731360e5	Студент 33	45c77a60-cb38-4d65-9dae-c03376b44e14
15515534-53d6-47f7-9b56-e35196e93649	Студент 440	45c77a60-cb38-4d65-9dae-c03376b44e14
155b8f88-4206-4dc4-bc10-de6fd166f138	Студент 55	7b0659d5-22bd-44b5-a707-e4da9354e428
15a4b79f-a380-4580-9c5f-a4aadc5493f9	Студент 309	858db585-3171-48a4-970e-caeaccf179a6
15d6b73b-9b9c-47a3-a3b2-11dbc903b9bd	Студент 419	858db585-3171-48a4-970e-caeaccf179a6
16d5b2d0-0244-47a2-b01d-4201d2f67396	Студент 70	7b0659d5-22bd-44b5-a707-e4da9354e428
16d7a539-64a3-46c7-a11a-638a91f8c3c1	Студент 284	45c77a60-cb38-4d65-9dae-c03376b44e14
16fbe520-724d-4382-880e-1c2bc5b108ae	Студент 351	45c77a60-cb38-4d65-9dae-c03376b44e14
17505148-2562-4bdf-adad-668fb81a5c5f	Студент 352	858db585-3171-48a4-970e-caeaccf179a6
181be703-8824-4444-b14f-5b374ef9918c	Студент 11	13d424e8-2aca-423e-b91f-8cbf8ee27575
184a019d-375b-46e0-b61f-1f4b3d6eba27	Студент 154	7b0659d5-22bd-44b5-a707-e4da9354e428
188ee621-b95e-40aa-bdc2-d2c93ddd59eb	Студент 24	7b0659d5-22bd-44b5-a707-e4da9354e428
19299710-995b-408b-b22c-582dbdc136fe	Студент 365	858db585-3171-48a4-970e-caeaccf179a6
1988b62c-3f1a-4de4-8f6b-9ed53253aa54	Студент 368	7b0659d5-22bd-44b5-a707-e4da9354e428
19919c9b-2a61-47b4-83bd-764aced976fe	Студент 135	858db585-3171-48a4-970e-caeaccf179a6
19e9c6b1-a9f1-4146-8ac7-a71ff2ca2bb8	Студент 323	858db585-3171-48a4-970e-caeaccf179a6
1a67fe89-9a1b-489d-91ae-042d22860bee	Студент 224	7b0659d5-22bd-44b5-a707-e4da9354e428
1a729327-7c1e-41cb-9b61-c726a8886bc1	Студент 160	45c77a60-cb38-4d65-9dae-c03376b44e14
1a7c034e-e58b-4427-ada6-1b1df3843d39	Студент 163	858db585-3171-48a4-970e-caeaccf179a6
1a910652-b910-4149-99da-df315ecac4b9	Студент 50	7b0659d5-22bd-44b5-a707-e4da9354e428
1aa60808-1ab0-4851-90e2-a2508cd845ca	Студент 423	858db585-3171-48a4-970e-caeaccf179a6
1b5101cb-935c-48f0-8de3-8c6b6aed4b01	Студент 105	45c77a60-cb38-4d65-9dae-c03376b44e14
1c3054b1-fdb9-4525-b7cd-17c9926eb7c4	Студент 219	858db585-3171-48a4-970e-caeaccf179a6
1cb8a307-1b82-4437-a876-e709eb63e054	Студент 340	45c77a60-cb38-4d65-9dae-c03376b44e14
1d5fcc36-3d7b-4e1b-9ed8-34ac3dfcb838	Студент 359	793a0dad-36eb-414a-8d5f-580be80abf43
1e70865e-a925-4d55-b9a0-9f9593a7bd0d	Студент 29	45c77a60-cb38-4d65-9dae-c03376b44e14
1e793af6-a3c4-49e7-b93b-c05e611b308d	Студент 493	45c77a60-cb38-4d65-9dae-c03376b44e14
1e84b714-4057-4e98-b35d-0a02252c7cb4	Студент 114	45c77a60-cb38-4d65-9dae-c03376b44e14
1f4e682a-ff31-4f08-9bbe-f3071eceafd1	Студент 302	45c77a60-cb38-4d65-9dae-c03376b44e14
1f624c3f-68ae-469d-b945-4593af11ec3b	Студент 85	13d424e8-2aca-423e-b91f-8cbf8ee27575
1f8583ca-d95f-44d9-9511-bd34d5fd6834	Студент 100	793a0dad-36eb-414a-8d5f-580be80abf43
1ffe2206-aa94-431e-b2a7-457763ec5b08	Студент 207	793a0dad-36eb-414a-8d5f-580be80abf43
20172bf7-db4c-4530-a340-5b674439cad7	Студент 237	45c77a60-cb38-4d65-9dae-c03376b44e14
209f135c-48e4-40c8-a348-e247c9159067	Студент 420	45c77a60-cb38-4d65-9dae-c03376b44e14
20f9fb2e-1a75-4054-9afa-8e36571b33bd	Студент 438	13d424e8-2aca-423e-b91f-8cbf8ee27575
2137fd52-fb46-4360-9087-1cdc179e01de	Студент 172	7b0659d5-22bd-44b5-a707-e4da9354e428
217eeea9-2fe4-46c6-8d69-a4dc0d02193e	Студент 32	13d424e8-2aca-423e-b91f-8cbf8ee27575
2231ef14-4cf2-47fb-987d-178182061cc6	Студент 374	793a0dad-36eb-414a-8d5f-580be80abf43
223a29b7-9b8f-4f85-991c-1ce544e73504	Студент 268	13d424e8-2aca-423e-b91f-8cbf8ee27575
2296e7d1-4d5a-4197-8fe6-16d2962caed2	Студент 145	7b0659d5-22bd-44b5-a707-e4da9354e428
22dd46d0-ecd3-441d-ad72-d9e6ad8b0d86	Студент 358	13d424e8-2aca-423e-b91f-8cbf8ee27575
23d54c73-754e-40b8-b361-cad61cf1d8a2	Студент 319	793a0dad-36eb-414a-8d5f-580be80abf43
23dd6653-017e-44e4-bbb5-79f461057a0b	Студент 455	7b0659d5-22bd-44b5-a707-e4da9354e428
2430bce0-ee25-4798-962e-a1b61913b52e	Студент 332	793a0dad-36eb-414a-8d5f-580be80abf43
248ba8ce-b555-432a-b056-9d9f0ec840df	Студент 350	45c77a60-cb38-4d65-9dae-c03376b44e14
250c089f-34b8-49a4-8daf-c73be4e21c36	Студент 457	858db585-3171-48a4-970e-caeaccf179a6
26a1bdf4-54a8-4b89-ab58-b75c3a6a088e	Студент 415	45c77a60-cb38-4d65-9dae-c03376b44e14
278cef44-053e-44d8-ba11-97a18100cb3f	Студент 299	793a0dad-36eb-414a-8d5f-580be80abf43
28064aa5-ab34-4832-95e2-4cbdfed7b59d	Студент 133	793a0dad-36eb-414a-8d5f-580be80abf43
28626871-72cf-4389-87ee-87c294bf37b3	Студент 66	858db585-3171-48a4-970e-caeaccf179a6
29477ba6-b981-4940-ac59-a1cdf17aa6dd	Студент 461	45c77a60-cb38-4d65-9dae-c03376b44e14
29a82d19-c3a5-40a1-a914-84a403ef0b19	Студент 298	45c77a60-cb38-4d65-9dae-c03376b44e14
2a5b043b-957e-4dcf-a678-184351f1c3da	Студент 422	45c77a60-cb38-4d65-9dae-c03376b44e14
2ae397e1-583b-4f6c-bd56-6361f870d125	Студент 433	7b0659d5-22bd-44b5-a707-e4da9354e428
2b3388e5-603b-4aef-8b78-1be75a6bc6c7	Студент 281	13d424e8-2aca-423e-b91f-8cbf8ee27575
2bc701f2-80e5-43a6-b079-a3763c09f7fe	Студент 371	793a0dad-36eb-414a-8d5f-580be80abf43
2ce8491c-665e-4b87-ba90-c683367f4dd0	Студент 220	13d424e8-2aca-423e-b91f-8cbf8ee27575
2d4c1065-b8ee-4eb4-9741-b3e5aef26381	Студент 310	45c77a60-cb38-4d65-9dae-c03376b44e14
2e6ee7de-28f4-44c2-972c-f666680877a6	Студент 74	13d424e8-2aca-423e-b91f-8cbf8ee27575
2e7e7598-780f-4bb0-a5b0-320aab626107	Студент 229	858db585-3171-48a4-970e-caeaccf179a6
2ea018fc-694d-476f-9917-cff144fd6855	Студент 406	858db585-3171-48a4-970e-caeaccf179a6
2f2946de-4e0d-4716-941b-a0bb364063e3	Студент 39	7b0659d5-22bd-44b5-a707-e4da9354e428
309cac52-262e-49f7-9056-d24e12f08d2f	Студент 444	45c77a60-cb38-4d65-9dae-c03376b44e14
30c53f13-346c-4325-aab6-c66d7770ca47	Студент 418	45c77a60-cb38-4d65-9dae-c03376b44e14
30ee3bda-28aa-482e-9f9c-a413981eb9dc	Студент 474	13d424e8-2aca-423e-b91f-8cbf8ee27575
31329bef-b313-4c43-8ec6-fcf7744bfdef	Студент 407	858db585-3171-48a4-970e-caeaccf179a6
333cf671-e0a8-441b-83f1-07c58d50dd8c	Студент 291	793a0dad-36eb-414a-8d5f-580be80abf43
3387ecee-2c31-4076-8d44-695b4bbebf88	Студент 183	793a0dad-36eb-414a-8d5f-580be80abf43
33a5849a-75f9-468f-ab70-73b6c03bcf31	Студент 241	45c77a60-cb38-4d65-9dae-c03376b44e14
341ea56f-4e1a-40f8-a272-ccf1f86bbcfe	Студент 177	858db585-3171-48a4-970e-caeaccf179a6
346bb10d-f6e7-47a3-aa2f-9c2d9d6ba7d9	Студент 84	13d424e8-2aca-423e-b91f-8cbf8ee27575
34c75fe8-979c-4527-850d-2e96dd123c3f	Студент 312	793a0dad-36eb-414a-8d5f-580be80abf43
3634449c-fa83-448b-8bd9-8f8f2969c36f	Студент 51	13d424e8-2aca-423e-b91f-8cbf8ee27575
374e39a9-8a63-40fd-b38e-f11c3c39c726	Студент 199	858db585-3171-48a4-970e-caeaccf179a6
37f1ff0d-7000-4065-bce8-22a84e4ecc40	Студент 326	7b0659d5-22bd-44b5-a707-e4da9354e428
38432e6e-613d-4138-b493-b7a059367758	Студент 37	7b0659d5-22bd-44b5-a707-e4da9354e428
3855ceb6-8a16-4117-9e3b-e39ec51ec9bb	Студент 46	858db585-3171-48a4-970e-caeaccf179a6
3869de03-9710-40c6-a7a1-7153d71d0445	Студент 81	13d424e8-2aca-423e-b91f-8cbf8ee27575
3885e3ae-ddce-4290-993c-c924b8ee5ad8	Студент 434	45c77a60-cb38-4d65-9dae-c03376b44e14
390f66d4-0d19-4999-a225-454213b85085	Студент 403	793a0dad-36eb-414a-8d5f-580be80abf43
399ffef0-ea45-45ea-838a-fec526b082da	Студент 184	793a0dad-36eb-414a-8d5f-580be80abf43
3a256e7d-81e8-43be-a1f8-d91f89f66e46	Студент 472	858db585-3171-48a4-970e-caeaccf179a6
3a8f4b91-9a55-4bdd-a84c-b67700d4c0f3	Студент 469	45c77a60-cb38-4d65-9dae-c03376b44e14
3ad34fd9-9160-4b63-a215-e38496a7622c	Студент 78	793a0dad-36eb-414a-8d5f-580be80abf43
3aee33cf-c332-4d9e-af5c-8914aacf2ce6	Студент 136	45c77a60-cb38-4d65-9dae-c03376b44e14
3b1ae02d-9149-447b-b3cb-2119f75bee41	Студент 456	45c77a60-cb38-4d65-9dae-c03376b44e14
3b5410c8-6365-4786-990d-a7bf5c117de3	Студент 95	793a0dad-36eb-414a-8d5f-580be80abf43
3c02b872-3061-4e68-ad44-38b79c9a5abc	Студент 346	793a0dad-36eb-414a-8d5f-580be80abf43
3c4c5f43-af8c-4896-a3ac-2ef9a0e7f4f5	Студент 331	13d424e8-2aca-423e-b91f-8cbf8ee27575
3cdc07eb-e341-4e45-a57f-03455cefab70	Студент 3	7b0659d5-22bd-44b5-a707-e4da9354e428
3cdf80ba-a182-43f0-b690-046d79295702	Студент 2	45c77a60-cb38-4d65-9dae-c03376b44e14
3e4f4282-b0d6-426f-a60b-b6bc4ade9fa2	Студент 442	13d424e8-2aca-423e-b91f-8cbf8ee27575
3ed37f3e-fca9-4c28-ac2a-f1d185206416	Студент 286	13d424e8-2aca-423e-b91f-8cbf8ee27575
3ee6298b-0e7e-4b34-8c51-883386a482f6	Студент 249	858db585-3171-48a4-970e-caeaccf179a6
3f4e2bb9-c095-4bc8-90ed-65c40ca24380	Студент 355	45c77a60-cb38-4d65-9dae-c03376b44e14
3f7b900e-daff-42df-9f36-ef5b3f521e2e	Студент 104	858db585-3171-48a4-970e-caeaccf179a6
4083ee14-0a88-4344-bb68-83e6968149d6	Студент 25	45c77a60-cb38-4d65-9dae-c03376b44e14
40c21497-588b-4a44-bb17-c4a8c74ee85f	Студент 499	793a0dad-36eb-414a-8d5f-580be80abf43
40ffa493-96df-4e20-849c-b56d35dcd077	Студент 488	7b0659d5-22bd-44b5-a707-e4da9354e428
41cb0304-7e52-44d2-8521-6538f5ceda1d	Студент 92	7b0659d5-22bd-44b5-a707-e4da9354e428
4204b6e4-19b6-47b1-a608-eefdf15eada9	Студент 322	858db585-3171-48a4-970e-caeaccf179a6
42eade00-64c6-47be-b0fd-f2f47fc630d5	Студент 63	13d424e8-2aca-423e-b91f-8cbf8ee27575
4316160e-6f70-42a9-ad7d-25d10dbbaa47	Студент 397	45c77a60-cb38-4d65-9dae-c03376b44e14
43b9ad0c-0882-4b76-a86c-5cdfa06824a5	Студент 293	858db585-3171-48a4-970e-caeaccf179a6
440c5ce1-453b-4681-acc6-b8f71ecaffc2	Студент 226	7b0659d5-22bd-44b5-a707-e4da9354e428
44eb79b4-fe3c-4c46-bc1d-821616d0a655	Студент 195	7b0659d5-22bd-44b5-a707-e4da9354e428
45e1d27c-8222-422b-8999-8c7a29162c5e	Студент 52	45c77a60-cb38-4d65-9dae-c03376b44e14
45e9b0e6-507b-4fa0-8af7-5562388baeb1	Студент 205	858db585-3171-48a4-970e-caeaccf179a6
4622f45f-e14c-4934-8504-e52fdfe588e2	Студент 454	858db585-3171-48a4-970e-caeaccf179a6
468a3172-59b5-4009-8c76-009e0b14aecc	Студент 384	45c77a60-cb38-4d65-9dae-c03376b44e14
47a11398-b288-436b-b2c7-d6a90793d18b	Студент 42	7b0659d5-22bd-44b5-a707-e4da9354e428
48bacfb8-e0ba-4b11-b4cb-af0cc1de4168	Студент 435	858db585-3171-48a4-970e-caeaccf179a6
48f4c694-e270-4b02-85ef-550c50e3c2a8	Студент 210	793a0dad-36eb-414a-8d5f-580be80abf43
4972886d-4aea-4bc0-a932-0ab9b1945df2	Студент 252	793a0dad-36eb-414a-8d5f-580be80abf43
49d66f3a-2e0c-4230-a013-3304209ddff6	Студент 399	7b0659d5-22bd-44b5-a707-e4da9354e428
4a2c912c-352d-446e-95c4-746103872754	Студент 201	793a0dad-36eb-414a-8d5f-580be80abf43
4a3e5a0b-d583-438a-bf72-dcd4b8d3762c	Студент 311	858db585-3171-48a4-970e-caeaccf179a6
4accaa55-2381-4d0a-b0f2-5dacde1e252d	Студент 1	45c77a60-cb38-4d65-9dae-c03376b44e14
4b2c8297-2271-4211-9cd8-05283cc80b50	Студент 147	45c77a60-cb38-4d65-9dae-c03376b44e14
4b7fcd2b-564d-4f3b-b698-90decef43bc3	Студент 497	858db585-3171-48a4-970e-caeaccf179a6
4b9bbcf8-732e-4369-a0d5-7ba44a724036	Студент 215	793a0dad-36eb-414a-8d5f-580be80abf43
4c497c26-caf8-4aac-b32c-729c7bd18577	Студент 196	45c77a60-cb38-4d65-9dae-c03376b44e14
4c4a8e0d-4a89-44ee-a867-973bc0efd467	Студент 134	7b0659d5-22bd-44b5-a707-e4da9354e428
4ee1f42a-7e2c-452c-bb84-aa618b6f8498	Студент 243	13d424e8-2aca-423e-b91f-8cbf8ee27575
4ee798eb-0307-428a-8b63-f19981e56cc0	Студент 146	13d424e8-2aca-423e-b91f-8cbf8ee27575
503ebee1-1977-4723-ae1d-3e10f8dcdfdc	Студент 14	858db585-3171-48a4-970e-caeaccf179a6
504d6e3d-20c4-4348-90a6-8a1e13363491	Студент 181	7b0659d5-22bd-44b5-a707-e4da9354e428
5242c296-e6cb-4ec9-b168-bd1d6b0d9633	Студент 79	13d424e8-2aca-423e-b91f-8cbf8ee27575
52c8ba27-a97b-4742-a72b-bb52a1853d0b	Студент 250	13d424e8-2aca-423e-b91f-8cbf8ee27575
52d6b6aa-bf72-433b-babd-8b9b0b842385	Студент 345	13d424e8-2aca-423e-b91f-8cbf8ee27575
530a9b8b-7eee-4e78-b9bb-bc37856a1ab7	Студент 193	45c77a60-cb38-4d65-9dae-c03376b44e14
53f59b4b-a2e8-4e8f-b878-ff16f45f1010	Студент 261	793a0dad-36eb-414a-8d5f-580be80abf43
543b3dca-9445-4bc4-8338-4956b55d0dac	Студент 410	45c77a60-cb38-4d65-9dae-c03376b44e14
548c3656-e7e9-4925-b549-a90cae692cc7	Студент 191	7b0659d5-22bd-44b5-a707-e4da9354e428
556208d7-e187-4d2a-a280-b734fc0402a0	Студент 404	13d424e8-2aca-423e-b91f-8cbf8ee27575
55af4aed-bf2b-4348-a3bf-1814949409f3	Студент 475	793a0dad-36eb-414a-8d5f-580be80abf43
566532f5-bde2-486f-aee3-ca78efb60eec	Студент 132	858db585-3171-48a4-970e-caeaccf179a6
56d7036c-d0de-4abe-969a-721399fe7c95	Студент 426	7b0659d5-22bd-44b5-a707-e4da9354e428
56e5fce1-a82e-4635-a9e0-7d9f2151b0a8	Студент 86	13d424e8-2aca-423e-b91f-8cbf8ee27575
5705404e-b9b4-485e-b78a-cb0e8dee1be4	Студент 428	45c77a60-cb38-4d65-9dae-c03376b44e14
57103dc9-48b0-4d07-a62f-02f82721ffe2	Студент 185	45c77a60-cb38-4d65-9dae-c03376b44e14
57966759-ca68-4f17-9646-9a257d8d0bd9	Студент 396	7b0659d5-22bd-44b5-a707-e4da9354e428
590000f3-40f1-4c11-8c91-2a5cf291c5f6	Студент 57	45c77a60-cb38-4d65-9dae-c03376b44e14
59e0f1fb-b63f-4698-a582-aad5dbc8bd49	Студент 452	793a0dad-36eb-414a-8d5f-580be80abf43
59e45242-422d-40cb-9765-9a1d5f8c9cc4	Студент 67	13d424e8-2aca-423e-b91f-8cbf8ee27575
5b0b3b43-a27d-40a4-9e7a-1f5a3995438a	Студент 61	45c77a60-cb38-4d65-9dae-c03376b44e14
5b3521b9-a4b0-40b8-8aa9-576e015fdd89	Студент 166	7b0659d5-22bd-44b5-a707-e4da9354e428
5b797417-1077-4ece-8f35-a61f45c90694	Студент 116	45c77a60-cb38-4d65-9dae-c03376b44e14
5cc6f103-189c-4470-8249-b4e4a4e7ebeb	Студент 118	858db585-3171-48a4-970e-caeaccf179a6
5cf6269d-7583-4706-b428-165469a0435a	Студент 373	793a0dad-36eb-414a-8d5f-580be80abf43
5d25fb34-f782-4b6d-a590-6278507f8fb2	Студент 125	13d424e8-2aca-423e-b91f-8cbf8ee27575
5d638db9-5e1d-461d-aa97-e8babda387e4	Студент 176	45c77a60-cb38-4d65-9dae-c03376b44e14
5dcf9664-adfb-4d0b-b04f-680ab51b360f	Студент 231	45c77a60-cb38-4d65-9dae-c03376b44e14
5dec60bb-1ac4-4135-9854-63a2437d94a6	Студент 139	13d424e8-2aca-423e-b91f-8cbf8ee27575
5e837c78-b2ec-475f-80a5-ec99ac174009	Студент 450	45c77a60-cb38-4d65-9dae-c03376b44e14
5ea6eac5-45b3-4abe-b2e5-b2a5c9b2f43c	Студент 209	7b0659d5-22bd-44b5-a707-e4da9354e428
5f7b10b0-99be-400f-a4b5-818eafb8bd13	Студент 230	45c77a60-cb38-4d65-9dae-c03376b44e14
60603138-876a-4899-934a-1b189defe5c5	Студент 94	13d424e8-2aca-423e-b91f-8cbf8ee27575
61199f47-0853-4560-a3ae-cbf1d9b790e5	Студент 272	7b0659d5-22bd-44b5-a707-e4da9354e428
61ff8791-01f4-4301-be6b-6d60cf534eef	Студент 236	793a0dad-36eb-414a-8d5f-580be80abf43
62be9b25-d83d-46e9-974b-08799af4161f	Студент 338	7b0659d5-22bd-44b5-a707-e4da9354e428
63eab156-f2d9-4efe-9cbd-ffec28b7e7b0	Студент 468	13d424e8-2aca-423e-b91f-8cbf8ee27575
640ddc26-0018-4391-86bf-ef29303d803b	Студент 152	45c77a60-cb38-4d65-9dae-c03376b44e14
641ad4f6-30bc-410d-8848-049639d05cd6	Студент 427	7b0659d5-22bd-44b5-a707-e4da9354e428
6464dbc5-4707-4ad4-bc3d-ff477caefc84	Студент 150	45c77a60-cb38-4d65-9dae-c03376b44e14
647b1a2b-d795-4b53-affb-5a45ed8b02b9	Студент 254	7b0659d5-22bd-44b5-a707-e4da9354e428
6481076d-60d4-45b0-9208-12cd6d05d0e7	Студент 82	793a0dad-36eb-414a-8d5f-580be80abf43
649edb7d-92ee-4699-b4e6-bd7b5a7a0c50	Студент 87	13d424e8-2aca-423e-b91f-8cbf8ee27575
64f72312-3641-4ffb-ad79-a12959b8d152	Студент 102	858db585-3171-48a4-970e-caeaccf179a6
67e64402-ade3-4a5d-a568-45b15aedc4aa	Студент 228	793a0dad-36eb-414a-8d5f-580be80abf43
687f1cce-4b82-4c88-9f78-a1cb1b4c043a	Студент 308	45c77a60-cb38-4d65-9dae-c03376b44e14
694fa8d2-a3fc-410d-bdfb-79e429ff52b4	Студент 408	45c77a60-cb38-4d65-9dae-c03376b44e14
6aca9cc1-0ca8-42ae-927c-8a71d087919c	Студент 18	45c77a60-cb38-4d65-9dae-c03376b44e14
6b231dbf-657e-4695-b681-62ac8641d268	Студент 413	13d424e8-2aca-423e-b91f-8cbf8ee27575
6b892327-41c7-4bfc-8790-74bb6cea8628	Студент 240	858db585-3171-48a4-970e-caeaccf179a6
6bbbc330-e6ff-49b3-a774-821676007299	Студент 75	793a0dad-36eb-414a-8d5f-580be80abf43
6c021623-c2e8-4452-82fc-911b84005f50	Студент 115	793a0dad-36eb-414a-8d5f-580be80abf43
6c5b82cf-4912-4d38-af89-70fd7d741f4c	Студент 212	7b0659d5-22bd-44b5-a707-e4da9354e428
6dc7ebb1-8c28-4674-a656-c37cd03a69aa	Студент 279	13d424e8-2aca-423e-b91f-8cbf8ee27575
6e23fe79-5cf0-4dbc-9196-aad32fbf9015	Студент 7	7b0659d5-22bd-44b5-a707-e4da9354e428
6e3cc39e-c21c-4d69-9336-a0c5dd6a5dc5	Студент 460	13d424e8-2aca-423e-b91f-8cbf8ee27575
6e9d0a34-0ebd-4bec-b318-36eee69eb180	Студент 443	7b0659d5-22bd-44b5-a707-e4da9354e428
6f1f396d-f50b-4219-88ba-1ca54637777d	Студент 76	793a0dad-36eb-414a-8d5f-580be80abf43
6f91111c-ece3-4201-b318-bfa30261fa45	Студент 274	858db585-3171-48a4-970e-caeaccf179a6
70187da3-25d6-4880-9b7f-b69581636c42	Студент 277	793a0dad-36eb-414a-8d5f-580be80abf43
71eca4f2-e84f-46c9-91df-767efe6222b0	Студент 265	7b0659d5-22bd-44b5-a707-e4da9354e428
7231198e-479e-4cff-830a-bc3c41d47111	Студент 117	7b0659d5-22bd-44b5-a707-e4da9354e428
73251c9c-829a-460f-b2f6-9f96308b797d	Студент 54	13d424e8-2aca-423e-b91f-8cbf8ee27575
732f4d4a-9c95-4756-b482-6a8025e14f1f	Студент 186	858db585-3171-48a4-970e-caeaccf179a6
74f26e28-5b3f-48d3-9b96-2cce3b63c838	Студент 27	7b0659d5-22bd-44b5-a707-e4da9354e428
76006e27-6087-4d0a-ab51-3bb01e3047c6	Студент 251	13d424e8-2aca-423e-b91f-8cbf8ee27575
7613b641-7231-4ec9-9840-1b585b47aa3c	Студент 235	793a0dad-36eb-414a-8d5f-580be80abf43
764c7e6d-db99-4cf0-9f13-3c531d182536	Студент 500	858db585-3171-48a4-970e-caeaccf179a6
768ac779-3490-4dba-82f0-74b24569b708	Студент 161	45c77a60-cb38-4d65-9dae-c03376b44e14
76c95491-7705-483d-835c-ebefb7822e59	Студент 59	13d424e8-2aca-423e-b91f-8cbf8ee27575
76ed9342-e7e1-4858-8ddd-1afd8487b8ca	Студент 377	858db585-3171-48a4-970e-caeaccf179a6
76fa3d01-9968-4440-9e73-cb3ba8c5f93d	Студент 492	793a0dad-36eb-414a-8d5f-580be80abf43
7757d9e5-b310-4d58-a4e2-dfc991be938e	Студент 129	13d424e8-2aca-423e-b91f-8cbf8ee27575
77ac6cc7-be44-4c24-a980-ee795930902c	Студент 149	45c77a60-cb38-4d65-9dae-c03376b44e14
780fd94e-5b95-49db-8f37-0d4cffeb096b	Студент 130	13d424e8-2aca-423e-b91f-8cbf8ee27575
7844946d-2a3c-4591-a52d-0c8f28002ab3	Студент 471	13d424e8-2aca-423e-b91f-8cbf8ee27575
796711b1-5b4c-4249-b4bf-1956f987cf51	Студент 357	45c77a60-cb38-4d65-9dae-c03376b44e14
7a2ce0c3-94a9-4fcf-95d8-77e22b1dad8d	Студент 246	793a0dad-36eb-414a-8d5f-580be80abf43
7bb32c63-3ca8-46da-95e1-09fc01bc55ac	Студент 5	858db585-3171-48a4-970e-caeaccf179a6
7bee7c51-0bac-48ea-b246-0f31e5006092	Студент 179	13d424e8-2aca-423e-b91f-8cbf8ee27575
7c87e924-1c4d-43c0-8111-f060bb8b81bb	Студент 256	13d424e8-2aca-423e-b91f-8cbf8ee27575
7cf7ea9e-eb66-48f7-9859-3c28f32bd56b	Студент 458	793a0dad-36eb-414a-8d5f-580be80abf43
7d6ee500-e2a4-448a-b0ca-e760ac58d3c8	Студент 394	858db585-3171-48a4-970e-caeaccf179a6
7d991d64-b501-4cab-9d3f-b1d5ee42c960	Студент 288	7b0659d5-22bd-44b5-a707-e4da9354e428
7dcab300-0658-4e00-81b4-aa3e1d4bf587	Студент 200	793a0dad-36eb-414a-8d5f-580be80abf43
7dd438e8-1f9d-47a1-8f1d-94de5a15a4cf	Студент 271	45c77a60-cb38-4d65-9dae-c03376b44e14
7ddd78b0-cab0-470a-8a90-0aea24732361	Студент 89	13d424e8-2aca-423e-b91f-8cbf8ee27575
7efba9ee-be48-4f72-bf8b-77bec27354a4	Студент 4	858db585-3171-48a4-970e-caeaccf179a6
8008a7f5-d869-410f-bb64-1a7e189cbc12	Студент 15	858db585-3171-48a4-970e-caeaccf179a6
8081bc8a-40b8-492c-b196-8999e3a88bde	Студент 325	45c77a60-cb38-4d65-9dae-c03376b44e14
81101bbb-f14c-462d-9660-9be55ad72bf5	Студент 110	45c77a60-cb38-4d65-9dae-c03376b44e14
8133aa6b-4c1e-4121-839f-60ff746c02c4	Студент 165	45c77a60-cb38-4d65-9dae-c03376b44e14
820c97ba-959a-4852-8a73-f221d50163ae	Студент 467	858db585-3171-48a4-970e-caeaccf179a6
820ceef3-05a0-4189-8b8c-ea7bcd9a522d	Студент 381	13d424e8-2aca-423e-b91f-8cbf8ee27575
82dea258-30c5-4e0c-9639-3a478d1224ec	Студент 473	13d424e8-2aca-423e-b91f-8cbf8ee27575
82ed6ec3-ebbd-40bb-af39-0792c699b11d	Студент 329	793a0dad-36eb-414a-8d5f-580be80abf43
83d165b6-b0a9-4857-9154-6344f20fb99f	Студент 489	858db585-3171-48a4-970e-caeaccf179a6
84ce7955-f659-45ac-b20b-861992ec6d0b	Студент 71	45c77a60-cb38-4d65-9dae-c03376b44e14
853a8572-6acf-4a6d-8329-33b28ede9923	Студент 182	793a0dad-36eb-414a-8d5f-580be80abf43
857628ff-420c-472f-b0de-3ca968b83604	Студент 276	7b0659d5-22bd-44b5-a707-e4da9354e428
867b04ec-92a5-4c2c-966f-2ebe3ac5637d	Студент 482	858db585-3171-48a4-970e-caeaccf179a6
8699162f-3d13-4a4e-ae97-3982d46fc7fe	Студент 90	858db585-3171-48a4-970e-caeaccf179a6
87901884-863e-4653-870d-f0accb0b5b94	Студент 108	7b0659d5-22bd-44b5-a707-e4da9354e428
87f5c325-0be3-47ef-8170-89e92482dd0e	Студент 421	7b0659d5-22bd-44b5-a707-e4da9354e428
8805cfef-8139-410b-8079-b8adddb28912	Студент 451	858db585-3171-48a4-970e-caeaccf179a6
88f1d498-58d7-4bac-b721-1afdc2877fdb	Студент 414	13d424e8-2aca-423e-b91f-8cbf8ee27575
892e5074-216e-41d4-b540-df662ac57539	Студент 53	793a0dad-36eb-414a-8d5f-580be80abf43
8aa0d5b0-399f-4ccd-8174-b3ec23d69e01	Студент 97	7b0659d5-22bd-44b5-a707-e4da9354e428
8aff454b-52d2-47f7-bc5f-ad74439b48a5	Студент 194	793a0dad-36eb-414a-8d5f-580be80abf43
8b5993d5-3765-49c0-a342-8da8551cd753	Студент 315	858db585-3171-48a4-970e-caeaccf179a6
8be9ee95-0c5d-4ce4-b715-93757ee8f795	Студент 28	7b0659d5-22bd-44b5-a707-e4da9354e428
8cb0369c-3eb8-435b-a59d-0a27b6fe3f4b	Студент 155	793a0dad-36eb-414a-8d5f-580be80abf43
8cf20386-289d-4da8-89e5-980114603fb0	Студент 390	13d424e8-2aca-423e-b91f-8cbf8ee27575
8de50141-6abf-423a-bf47-56f10f851b45	Студент 349	793a0dad-36eb-414a-8d5f-580be80abf43
8e1fe00f-a304-4691-843e-974bd2299377	Студент 138	793a0dad-36eb-414a-8d5f-580be80abf43
8e25fadd-b815-49b4-9fa1-a4c9562677d9	Студент 157	13d424e8-2aca-423e-b91f-8cbf8ee27575
8e600f4c-ec57-43ca-9ae4-cfc42776d452	Студент 491	793a0dad-36eb-414a-8d5f-580be80abf43
8f2c8678-c44a-4933-a8ea-3d1bf1e8a818	Студент 64	793a0dad-36eb-414a-8d5f-580be80abf43
90d4e173-e08a-4a99-9c6a-79540046ee39	Студент 478	13d424e8-2aca-423e-b91f-8cbf8ee27575
91227090-7475-4df9-ae82-0e5a49b1566e	Студент 300	858db585-3171-48a4-970e-caeaccf179a6
915ff6bd-b6cd-4da3-9bae-97b7fb77c4d5	Студент 354	858db585-3171-48a4-970e-caeaccf179a6
919fb8cc-c314-40c6-b96d-fba9eed536be	Студент 275	793a0dad-36eb-414a-8d5f-580be80abf43
91ac9b80-18e1-47a6-a7b6-0d7fbb47a1e7	Студент 107	793a0dad-36eb-414a-8d5f-580be80abf43
91e4295a-51cf-403b-98e6-519d52accb79	Студент 324	793a0dad-36eb-414a-8d5f-580be80abf43
921bbacf-91b3-4695-81d4-0cf60b98aeda	Студент 327	793a0dad-36eb-414a-8d5f-580be80abf43
92255afb-7634-4b69-a5e3-809964884927	Студент 58	793a0dad-36eb-414a-8d5f-580be80abf43
925dc14c-af6c-4ffc-9268-6421c6f7e86c	Студент 385	7b0659d5-22bd-44b5-a707-e4da9354e428
93674955-a482-4587-b64e-908d66da6a7d	Студент 400	7b0659d5-22bd-44b5-a707-e4da9354e428
9402037e-c8c4-4401-9e50-125d3dd75bf8	Студент 22	858db585-3171-48a4-970e-caeaccf179a6
94f4b5a2-788b-43a1-a7b3-b8f5f54cc128	Студент 362	858db585-3171-48a4-970e-caeaccf179a6
95043afc-530d-4abd-bbbd-4bdcb64ac80e	Студент 320	45c77a60-cb38-4d65-9dae-c03376b44e14
950a1d0e-275d-4304-a79c-8d8e37db9138	Студент 127	858db585-3171-48a4-970e-caeaccf179a6
950c685e-e653-4209-a060-b547fa15944f	Студент 30	858db585-3171-48a4-970e-caeaccf179a6
95684029-cce0-41c0-8feb-fc2f10aade87	Студент 417	13d424e8-2aca-423e-b91f-8cbf8ee27575
960c6eb0-abc2-45f4-8efa-a1d286273681	Студент 380	858db585-3171-48a4-970e-caeaccf179a6
961619a2-ff2c-47b0-b180-cc6a4b7a1840	Студент 128	45c77a60-cb38-4d65-9dae-c03376b44e14
9616b614-9bb0-419f-af1d-50e6feea7457	Студент 321	858db585-3171-48a4-970e-caeaccf179a6
9683623a-6360-4d5f-8432-0e8ceca8a337	Студент 16	13d424e8-2aca-423e-b91f-8cbf8ee27575
96ca641c-8b3b-4eeb-bd60-1fdac26ef8ed	Студент 263	13d424e8-2aca-423e-b91f-8cbf8ee27575
974c4a9d-1dd3-4338-afc3-c562639551a4	Студент 273	13d424e8-2aca-423e-b91f-8cbf8ee27575
9900f6ed-dc2e-4bc4-ad80-c766d20b5718	Студент 283	45c77a60-cb38-4d65-9dae-c03376b44e14
992bb92d-e1ff-4bae-95ee-e6c5d63cf0bd	Студент 439	13d424e8-2aca-423e-b91f-8cbf8ee27575
99f18f66-a8c2-4ae5-adf6-a756ed3fa25c	Студент 485	793a0dad-36eb-414a-8d5f-580be80abf43
9a6f2f73-aa1c-498f-966b-f3fde7a90a52	Студент 126	13d424e8-2aca-423e-b91f-8cbf8ee27575
9a8cb8c6-94a3-43b1-9d54-9d1b3fe69114	Студент 479	793a0dad-36eb-414a-8d5f-580be80abf43
9b3fbc24-ce83-4321-bc7b-f9328f3fd913	Студент 464	793a0dad-36eb-414a-8d5f-580be80abf43
9b42faf8-90a2-413e-bcf7-fdec7a8e56ea	Студент 372	858db585-3171-48a4-970e-caeaccf179a6
9bfa193d-cc2a-4ea3-8761-88989ea62e52	Студент 208	7b0659d5-22bd-44b5-a707-e4da9354e428
9c1a8daa-ad1e-4578-b573-1c42339e0f10	Студент 234	7b0659d5-22bd-44b5-a707-e4da9354e428
9c6a26ad-51b6-45e3-8e11-af219cd8b560	Студент 253	858db585-3171-48a4-970e-caeaccf179a6
9f35f4f9-8f12-4881-b76d-608f87738d5c	Студент 206	13d424e8-2aca-423e-b91f-8cbf8ee27575
a06b135e-8f8a-42e8-8628-ff48496c6f69	Студент 153	7b0659d5-22bd-44b5-a707-e4da9354e428
a133dfd5-f415-45d3-a93d-2ac95ba387bd	Студент 480	13d424e8-2aca-423e-b91f-8cbf8ee27575
a1675f52-654a-413a-a738-eeec18501fee	Студент 366	7b0659d5-22bd-44b5-a707-e4da9354e428
a17729ae-d918-489c-bd42-a863f27a80cd	Студент 20	793a0dad-36eb-414a-8d5f-580be80abf43
a28c5964-0d1a-4015-bdc0-838c45e57b85	Студент 393	13d424e8-2aca-423e-b91f-8cbf8ee27575
a2acf357-5b52-4959-9a9d-104b7c7514b9	Студент 282	858db585-3171-48a4-970e-caeaccf179a6
a353a682-84c8-4257-8aab-abc27eec1383	Студент 405	45c77a60-cb38-4d65-9dae-c03376b44e14
a3ff28fe-5d64-43af-8db5-2f10bfeabe3d	Студент 68	13d424e8-2aca-423e-b91f-8cbf8ee27575
a44b400d-caba-4e55-b822-878b293db44a	Студент 424	7b0659d5-22bd-44b5-a707-e4da9354e428
a469b427-243a-41f3-bc8a-c1f86d66c58b	Студент 122	793a0dad-36eb-414a-8d5f-580be80abf43
a4bea64f-44ba-4c4e-9823-a3ca4833fbfd	Студент 211	13d424e8-2aca-423e-b91f-8cbf8ee27575
a528d104-ac6f-43c3-a017-45f2121e00df	Студент 218	13d424e8-2aca-423e-b91f-8cbf8ee27575
a5a1428a-b51f-4fbe-833b-d312de302c07	Студент 495	7b0659d5-22bd-44b5-a707-e4da9354e428
a5a60144-b5a3-4ff6-9fa1-a1be62215052	Студент 447	793a0dad-36eb-414a-8d5f-580be80abf43
a638ff21-9366-4b88-88d7-d895305cbaaf	Студент 233	45c77a60-cb38-4d65-9dae-c03376b44e14
a6850aa5-34e1-4359-a78b-c8ee45a36dd0	Студент 6	858db585-3171-48a4-970e-caeaccf179a6
a7d56861-a60c-488f-9857-586f047d66ce	Студент 73	858db585-3171-48a4-970e-caeaccf179a6
a7facdd9-fd07-4d68-8103-131827b44bdd	Студент 466	7b0659d5-22bd-44b5-a707-e4da9354e428
a8925412-59ff-4e84-bc06-2cf72f5e2cbf	Студент 376	7b0659d5-22bd-44b5-a707-e4da9354e428
a8a21fe0-353a-4cda-a5dc-8f0a3611fb7c	Студент 343	45c77a60-cb38-4d65-9dae-c03376b44e14
a9476325-69fd-4617-910c-0a12546c1f71	Студент 204	858db585-3171-48a4-970e-caeaccf179a6
a9577dff-d94e-49d8-ba8d-e635d5f6b9e1	Студент 296	7b0659d5-22bd-44b5-a707-e4da9354e428
a983244c-b845-4523-bd43-f1790f64b05c	Студент 48	793a0dad-36eb-414a-8d5f-580be80abf43
aa6eff80-a325-4beb-b089-d5370f1b7710	Студент 402	858db585-3171-48a4-970e-caeaccf179a6
aa99abbe-1296-41a6-a6d7-348afc344446	Студент 356	858db585-3171-48a4-970e-caeaccf179a6
aaa66302-6b46-4c1a-b6ab-4ad381068e14	Студент 151	793a0dad-36eb-414a-8d5f-580be80abf43
ab6a512a-c92c-4a4c-8f53-1143c7d4a926	Студент 336	45c77a60-cb38-4d65-9dae-c03376b44e14
ab9d109b-734e-4196-beff-cf63d8cae174	Студент 387	45c77a60-cb38-4d65-9dae-c03376b44e14
acb3a2c4-7a1a-4412-9711-ddc3684337ab	Студент 398	45c77a60-cb38-4d65-9dae-c03376b44e14
ad52cd80-f48e-462e-ac2f-40b16e79fd37	Студент 242	793a0dad-36eb-414a-8d5f-580be80abf43
ad601ca3-4007-477a-bbce-83a21048ae2d	Студент 65	45c77a60-cb38-4d65-9dae-c03376b44e14
ae4b7a37-eab4-4d68-9e34-db771105cc85	Студент 344	858db585-3171-48a4-970e-caeaccf179a6
af3ddd04-f2b4-43a5-b578-cf95b9f5a13b	Студент 91	7b0659d5-22bd-44b5-a707-e4da9354e428
b1d9c89a-ef8b-457c-b573-35fdb688f678	Студент 8	45c77a60-cb38-4d65-9dae-c03376b44e14
b26f9d36-658a-4b2e-9195-b2821822ae5a	Студент 103	13d424e8-2aca-423e-b91f-8cbf8ee27575
b2baa080-b054-4b66-bef3-9d555557dd69	Студент 35	858db585-3171-48a4-970e-caeaccf179a6
b380b105-d562-4dea-b992-921008fafce3	Студент 361	858db585-3171-48a4-970e-caeaccf179a6
b3dd57b2-b9d4-4813-ba66-8efa98314283	Студент 93	7b0659d5-22bd-44b5-a707-e4da9354e428
b49c33ab-1059-4ea1-afc6-3e50032e4830	Студент 378	7b0659d5-22bd-44b5-a707-e4da9354e428
b4c892ca-4d45-49e0-b77b-961e365df1c6	Студент 244	858db585-3171-48a4-970e-caeaccf179a6
b5b39d59-9635-47eb-a637-c56582f8778b	Студент 232	858db585-3171-48a4-970e-caeaccf179a6
b63ae0a7-5f3e-43d4-af63-ce1564cded86	Студент 255	13d424e8-2aca-423e-b91f-8cbf8ee27575
b65b7a2c-48ac-4fdf-a2b8-08b35a03c352	Студент 60	858db585-3171-48a4-970e-caeaccf179a6
b6c07471-af4e-47ba-a24e-3ecc392166a7	Студент 247	858db585-3171-48a4-970e-caeaccf179a6
b6c3f231-dca1-4e39-9959-ca0aef0f5a26	Студент 88	13d424e8-2aca-423e-b91f-8cbf8ee27575
b6ec2b5f-9e6a-48bc-8764-1589959e3575	Студент 317	45c77a60-cb38-4d65-9dae-c03376b44e14
b7ea9533-6afd-4e58-addf-d36cfea76758	Студент 292	45c77a60-cb38-4d65-9dae-c03376b44e14
b7ecfa42-a310-407a-82c3-208cebf4ab04	Студент 295	45c77a60-cb38-4d65-9dae-c03376b44e14
b86a7968-2e9d-46c6-882e-daf0998714a9	Студент 36	7b0659d5-22bd-44b5-a707-e4da9354e428
b8a88327-676c-4cb8-a0a2-ed9afa79012c	Студент 203	858db585-3171-48a4-970e-caeaccf179a6
b8c50d2c-2d94-45a7-870f-2b131dc71225	Студент 305	45c77a60-cb38-4d65-9dae-c03376b44e14
b8d81476-605d-4c17-b716-1d98aeafcb73	Студент 462	45c77a60-cb38-4d65-9dae-c03376b44e14
b9fff105-dee9-4014-bf51-87cdb6e33b53	Студент 481	7b0659d5-22bd-44b5-a707-e4da9354e428
bb0c75e1-b7f9-448b-adaa-4f33a3fcfa9c	Студент 487	7b0659d5-22bd-44b5-a707-e4da9354e428
bb6e0ed9-54b9-4021-ac74-8a751dd75a27	Студент 347	13d424e8-2aca-423e-b91f-8cbf8ee27575
bbc28e0a-e572-4df3-84d1-c754fcbde6d4	Студент 476	7b0659d5-22bd-44b5-a707-e4da9354e428
bc7390a2-68e2-457d-a373-f9b82e898095	Студент 141	7b0659d5-22bd-44b5-a707-e4da9354e428
bde503b5-d1c4-4d91-8aa4-6d9bda77e35f	Студент 449	13d424e8-2aca-423e-b91f-8cbf8ee27575
be10c6fe-334c-4697-832c-23db4f37d0fc	Студент 173	13d424e8-2aca-423e-b91f-8cbf8ee27575
be803cf2-69e8-418d-92b4-2abe01662ee9	Студент 453	858db585-3171-48a4-970e-caeaccf179a6
bec95b5d-7d23-4324-a629-c981c9793e96	Студент 360	858db585-3171-48a4-970e-caeaccf179a6
c0802cea-6e41-406a-a224-4954c9da1544	Студент 124	793a0dad-36eb-414a-8d5f-580be80abf43
c15fdd99-8c97-48d8-91e9-8cda518cd76d	Студент 168	793a0dad-36eb-414a-8d5f-580be80abf43
c19da0bb-b08d-4324-8e2c-255c3b44d4e3	Студент 259	13d424e8-2aca-423e-b91f-8cbf8ee27575
c2574512-be35-438e-afce-5cbe79f56ad1	Студент 496	13d424e8-2aca-423e-b91f-8cbf8ee27575
c268b932-ae9b-44b8-b841-d5108d91247b	Студент 175	13d424e8-2aca-423e-b91f-8cbf8ee27575
c2e26c35-3465-4eb3-8c5d-59f5831d30fc	Студент 262	858db585-3171-48a4-970e-caeaccf179a6
c3054669-3b8e-457d-abfe-482c9ab70919	Студент 83	858db585-3171-48a4-970e-caeaccf179a6
c390a02e-d137-4c46-a47e-854b4f159008	Студент 180	793a0dad-36eb-414a-8d5f-580be80abf43
c433f193-e2b4-4e27-9a60-cacef02d1d3e	Студент 9	45c77a60-cb38-4d65-9dae-c03376b44e14
c4cb7998-7711-458f-b09e-07fdf5681beb	Студент 369	13d424e8-2aca-423e-b91f-8cbf8ee27575
c4cfc9c8-daeb-4fc5-a173-c0e7d1159315	Студент 34	858db585-3171-48a4-970e-caeaccf179a6
c4d79fad-1b21-492e-a719-64fa7a7a6de8	Студент 353	45c77a60-cb38-4d65-9dae-c03376b44e14
c563ff5c-0591-4aa2-a096-0ff886ac55d9	Студент 40	7b0659d5-22bd-44b5-a707-e4da9354e428
c5b9c338-a361-449c-a714-ac81030a1a36	Студент 401	45c77a60-cb38-4d65-9dae-c03376b44e14
c6cf5280-5670-4a61-8e34-016e02b20dd9	Студент 307	13d424e8-2aca-423e-b91f-8cbf8ee27575
c6df4760-1f6c-4f03-9f53-baf8e738bdca	Студент 484	45c77a60-cb38-4d65-9dae-c03376b44e14
c70ad5ef-2a77-4c0f-a769-c9f286b519f2	Студент 120	7b0659d5-22bd-44b5-a707-e4da9354e428
c7444960-980f-4565-a12d-1d6afe4ddb22	Студент 178	793a0dad-36eb-414a-8d5f-580be80abf43
c88f4db0-51cd-4d1c-a7c4-239d27bc1f6e	Студент 31	7b0659d5-22bd-44b5-a707-e4da9354e428
c8bc2eee-2b29-41be-bd58-07ef81257c78	Студент 334	13d424e8-2aca-423e-b91f-8cbf8ee27575
c8da501e-db90-42ce-9c03-0707fd3da576	Студент 470	858db585-3171-48a4-970e-caeaccf179a6
caad9656-3449-4c0a-9bb1-a577f781729c	Студент 106	7b0659d5-22bd-44b5-a707-e4da9354e428
cb0ff2f3-8101-40a9-8b9e-fa4add2e22be	Студент 143	7b0659d5-22bd-44b5-a707-e4da9354e428
ccec0ea1-bac4-4d0b-b887-4827b2119771	Студент 303	793a0dad-36eb-414a-8d5f-580be80abf43
cced7d31-9a2d-4cb9-bff7-ab3f38c2fbd5	Студент 314	13d424e8-2aca-423e-b91f-8cbf8ee27575
cd2d0639-e0f6-4060-875d-9d9a2f31f6d3	Студент 38	793a0dad-36eb-414a-8d5f-580be80abf43
cd33441e-b89e-46e8-ac8c-cdc0479b3742	Студент 10	858db585-3171-48a4-970e-caeaccf179a6
cdca2b88-562f-425c-a021-8904b15a3b23	Студент 416	793a0dad-36eb-414a-8d5f-580be80abf43
ce11aeb3-ec46-4edd-8e3f-350893e424ca	Студент 494	45c77a60-cb38-4d65-9dae-c03376b44e14
cfe27214-d824-4361-870c-2f6ad92d500d	Студент 62	858db585-3171-48a4-970e-caeaccf179a6
d012a474-5895-4527-8a69-2750f635bed1	Студент 267	793a0dad-36eb-414a-8d5f-580be80abf43
d089477f-780c-4dbd-a93f-8e567a51c3ca	Студент 363	793a0dad-36eb-414a-8d5f-580be80abf43
d1b0486b-20cc-42b5-b5df-972732a4dd80	Студент 217	7b0659d5-22bd-44b5-a707-e4da9354e428
d1f10327-fb35-4700-ae4e-1659dded5ad7	Студент 342	793a0dad-36eb-414a-8d5f-580be80abf43
d2ee0cfd-9690-427e-ac48-fc4da5d7a4c4	Студент 425	45c77a60-cb38-4d65-9dae-c03376b44e14
d2f0a4de-c9e0-4b3a-8028-721cd09ac321	Студент 189	858db585-3171-48a4-970e-caeaccf179a6
d3413cab-bceb-48de-bbd7-be54b85e7b25	Студент 395	793a0dad-36eb-414a-8d5f-580be80abf43
d3e7936f-9bdc-4e7e-8c96-f3ecac789e1d	Студент 197	13d424e8-2aca-423e-b91f-8cbf8ee27575
d3fd92fc-0be1-4f8f-9281-02f154aa45b8	Студент 170	793a0dad-36eb-414a-8d5f-580be80abf43
d41e5b96-66ce-462b-8f62-bf13dd3aed26	Студент 248	793a0dad-36eb-414a-8d5f-580be80abf43
d4d0a785-73f8-498b-8cea-15798d340331	Студент 383	793a0dad-36eb-414a-8d5f-580be80abf43
d571f754-f493-4560-9e3a-cb8ca803bb53	Студент 341	793a0dad-36eb-414a-8d5f-580be80abf43
d626fbd0-9985-46ee-a9e7-b855d40b0ebe	Студент 198	793a0dad-36eb-414a-8d5f-580be80abf43
d6bacef7-15d7-4ee5-aa14-7a4036b67c6e	Студент 213	45c77a60-cb38-4d65-9dae-c03376b44e14
d6d23ebe-2eef-4918-b6ae-8a98b9619ffc	Студент 304	13d424e8-2aca-423e-b91f-8cbf8ee27575
d8664bd6-5fdc-46f5-8387-97632a733630	Студент 391	858db585-3171-48a4-970e-caeaccf179a6
d875ea49-1910-4f47-8115-dc2c6f532f01	Студент 367	45c77a60-cb38-4d65-9dae-c03376b44e14
d8d1a5d4-f0b8-4260-8be6-3e2583328a10	Студент 245	45c77a60-cb38-4d65-9dae-c03376b44e14
d8d54ff8-6223-4414-8407-531a9ee3238d	Студент 80	858db585-3171-48a4-970e-caeaccf179a6
d8e9fd01-f76f-453e-a7ad-87d1373e3e61	Студент 339	858db585-3171-48a4-970e-caeaccf179a6
d905491a-ede6-475b-be53-19f56a0c7116	Студент 99	13d424e8-2aca-423e-b91f-8cbf8ee27575
d926494a-bc68-48dc-8fbf-1b05773ae5c1	Студент 164	45c77a60-cb38-4d65-9dae-c03376b44e14
d962ff65-1ba9-40cf-8745-006b10a6b68c	Студент 278	13d424e8-2aca-423e-b91f-8cbf8ee27575
d9d15fab-19b1-4d41-a9ab-9011c759aea6	Студент 459	13d424e8-2aca-423e-b91f-8cbf8ee27575
d9e2a706-79a2-44b5-9732-62c74934849a	Студент 158	793a0dad-36eb-414a-8d5f-580be80abf43
da5faba0-af2c-4712-a82d-b1ba647a450f	Студент 109	858db585-3171-48a4-970e-caeaccf179a6
da95a63f-769f-49e2-b05c-7eddd2493f8d	Студент 140	858db585-3171-48a4-970e-caeaccf179a6
db71976c-06a5-4f47-9c39-71d7b42a3cc7	Студент 188	7b0659d5-22bd-44b5-a707-e4da9354e428
db7ae418-8f0c-4002-9ef2-32ada0b98dcb	Студент 23	858db585-3171-48a4-970e-caeaccf179a6
dba4e919-4087-4714-8024-7fe10c1c602f	Студент 239	45c77a60-cb38-4d65-9dae-c03376b44e14
dcb085d4-aa69-4e38-b2f0-f5482e14e71f	Студент 328	793a0dad-36eb-414a-8d5f-580be80abf43
dcf31c42-db11-4996-a747-2e61d74b452a	Студент 44	7b0659d5-22bd-44b5-a707-e4da9354e428
dde3c611-2a03-4bfa-b4ba-d1035f33bce8	Студент 202	13d424e8-2aca-423e-b91f-8cbf8ee27575
debdbdd8-2895-47fe-8d98-2742ca0dcf82	Студент 222	13d424e8-2aca-423e-b91f-8cbf8ee27575
dfc9797c-08c6-4926-8549-ad3779848341	Студент 96	13d424e8-2aca-423e-b91f-8cbf8ee27575
e07b7576-0b5a-447e-888f-5b293d2bbb15	Студент 382	858db585-3171-48a4-970e-caeaccf179a6
e1b27d40-4e82-44e5-a32e-fad35cad7dd0	Студент 41	13d424e8-2aca-423e-b91f-8cbf8ee27575
e2310944-1aa8-4ea7-b51d-8efae85a7d23	Студент 12	793a0dad-36eb-414a-8d5f-580be80abf43
e2ba635e-a267-4b15-9f8c-b3d7c9279c10	Студент 389	858db585-3171-48a4-970e-caeaccf179a6
e441cc03-e507-4017-8fec-53c336083d7f	Студент 123	13d424e8-2aca-423e-b91f-8cbf8ee27575
e5093751-adb7-42eb-b327-eb2b3b438ffa	Студент 142	858db585-3171-48a4-970e-caeaccf179a6
e550a305-c978-49ab-b5c2-f2ba4ac5f9e2	Студент 21	7b0659d5-22bd-44b5-a707-e4da9354e428
e59113fc-a521-4802-b042-70906c395a65	Студент 258	793a0dad-36eb-414a-8d5f-580be80abf43
e604b9c6-c99c-4ba1-96f3-87003ccd5d36	Студент 227	45c77a60-cb38-4d65-9dae-c03376b44e14
e6587ac3-80a5-414b-86a2-ea7b6c20b654	Студент 257	858db585-3171-48a4-970e-caeaccf179a6
e65c3c49-93de-4ee2-ab7b-a9fbe0a48199	Студент 337	858db585-3171-48a4-970e-caeaccf179a6
e71e6dbe-2f01-4538-827f-9451fc4027cb	Студент 313	45c77a60-cb38-4d65-9dae-c03376b44e14
e765ea74-251e-42c1-9662-b632bc775374	Студент 465	858db585-3171-48a4-970e-caeaccf179a6
e85afec3-153d-4c2a-8950-321bac4cc434	Студент 171	45c77a60-cb38-4d65-9dae-c03376b44e14
e87296a4-5cc1-4585-bae6-faf2476cd9e4	Студент 411	7b0659d5-22bd-44b5-a707-e4da9354e428
e87e8155-a7b2-4f57-aab5-f47a30796389	Студент 364	45c77a60-cb38-4d65-9dae-c03376b44e14
e99db998-176a-4abc-a4fa-cd48cd16f8d2	Студент 392	7b0659d5-22bd-44b5-a707-e4da9354e428
ea073720-5433-4cee-a156-605b90e9346c	Студент 111	13d424e8-2aca-423e-b91f-8cbf8ee27575
ea385c1c-6bcc-4fc6-88f9-42012ba54e6f	Студент 214	45c77a60-cb38-4d65-9dae-c03376b44e14
eb3fe4da-e813-44e5-bfd3-0c96eca431fe	Студент 159	793a0dad-36eb-414a-8d5f-580be80abf43
eb52604e-071c-4832-925c-59fb892330c7	Студент 477	7b0659d5-22bd-44b5-a707-e4da9354e428
ec115c48-6948-46ff-af64-a913c1c39741	Студент 445	7b0659d5-22bd-44b5-a707-e4da9354e428
ec184b9a-2b72-4d31-a2d2-dbb12411f6e0	Студент 318	858db585-3171-48a4-970e-caeaccf179a6
ece0bae8-c54e-446f-b44b-85a1a1e37c1d	Студент 301	793a0dad-36eb-414a-8d5f-580be80abf43
ed3f8620-9cc2-471a-a260-1416e17e3ef8	Студент 316	858db585-3171-48a4-970e-caeaccf179a6
eef90f1e-7b86-4e22-bb23-4557c5f97ea4	Студент 289	13d424e8-2aca-423e-b91f-8cbf8ee27575
f0643486-2af9-48a5-bb71-dbcd77ac5353	Студент 101	45c77a60-cb38-4d65-9dae-c03376b44e14
f1158ac2-80c7-4711-8e9b-f59f1961b741	Студент 216	858db585-3171-48a4-970e-caeaccf179a6
f225827a-7d19-4e97-bcab-2ac4e587dcac	Студент 483	7b0659d5-22bd-44b5-a707-e4da9354e428
f2547007-7eb4-41f8-9f42-f8a1441dbe1d	Студент 19	13d424e8-2aca-423e-b91f-8cbf8ee27575
f26f1f4f-a231-4a92-8b6a-655c8382b697	Студент 432	793a0dad-36eb-414a-8d5f-580be80abf43
f286e5c7-6828-48ba-8f70-683095a96dc7	Студент 446	858db585-3171-48a4-970e-caeaccf179a6
f2f04088-9988-4815-9adc-7a02c8246585	Студент 167	13d424e8-2aca-423e-b91f-8cbf8ee27575
f32a849e-b4fe-4a4d-8546-ca13b310a864	Студент 490	858db585-3171-48a4-970e-caeaccf179a6
f39475bc-f33d-432e-8183-c296b422d6d8	Студент 98	793a0dad-36eb-414a-8d5f-580be80abf43
f430dceb-425c-4a69-8e97-f3da199b6c72	Студент 77	793a0dad-36eb-414a-8d5f-580be80abf43
f47718d3-b80d-48d2-8c36-66b1c6998eb9	Студент 430	45c77a60-cb38-4d65-9dae-c03376b44e14
f484d5ad-3954-426d-88d8-13abf57dc326	Студент 297	7b0659d5-22bd-44b5-a707-e4da9354e428
f49b4973-4b99-4783-9de1-27ff3f870300	Студент 156	7b0659d5-22bd-44b5-a707-e4da9354e428
f5320517-e644-4f81-adac-a496c2ac9615	Студент 269	858db585-3171-48a4-970e-caeaccf179a6
f5c20a3e-acf4-4240-a4a2-2c452e79debb	Студент 26	858db585-3171-48a4-970e-caeaccf179a6
f6a6eef5-0336-4067-ba17-86b79b73dee4	Студент 486	13d424e8-2aca-423e-b91f-8cbf8ee27575
f7350b7d-aac6-48ff-9796-6a2091839f51	Студент 379	858db585-3171-48a4-970e-caeaccf179a6
f84c18e9-2e44-40bd-93d5-7d73dd7e6591	Студент 17	793a0dad-36eb-414a-8d5f-580be80abf43
f880b9a1-fc85-4106-b637-d85b5780e577	Студент 290	858db585-3171-48a4-970e-caeaccf179a6
f91ca532-8429-4491-96f7-7b2acf518b82	Студент 437	45c77a60-cb38-4d65-9dae-c03376b44e14
fa4a285f-5fbc-4fe1-8389-c196098bebeb	Студент 260	858db585-3171-48a4-970e-caeaccf179a6
fb19b64f-0da0-4f5b-bc23-ff8eed294e5a	Студент 280	858db585-3171-48a4-970e-caeaccf179a6
fb743783-a426-4e75-b664-8989ba8ef0e3	Студент 287	858db585-3171-48a4-970e-caeaccf179a6
fbd90fbb-d2f7-4334-ab19-b8495bc75703	Студент 463	45c77a60-cb38-4d65-9dae-c03376b44e14
fc150d4d-bb60-4521-ac41-1398131afc5c	Студент 436	7b0659d5-22bd-44b5-a707-e4da9354e428
fd409fab-d101-4153-9f60-19f192fa54ee	Студент 137	793a0dad-36eb-414a-8d5f-580be80abf43
fe7a76df-abcd-4b4c-b566-f7657620ac12	Студент 49	7b0659d5-22bd-44b5-a707-e4da9354e428
feb475de-8eba-473f-8782-84575a12f857	Студент 223	45c77a60-cb38-4d65-9dae-c03376b44e14
fec45baa-0e78-4adb-9c8e-cb8a87cc20fa	Студент 187	7b0659d5-22bd-44b5-a707-e4da9354e428
\.


--
-- TOC entry 3426 (class 0 OID 170901)
-- Dependencies: 220
-- Data for Name: TrainingPrograms; Type: TABLE DATA; Schema: public; Owner: -
--

COPY public."TrainingPrograms" ("Uid", "Name", "TimeAccordingProgram", "SpecialtyUid", "CourseUid") FROM stdin;
02effeb7-6020-452c-90d2-32923bdf9d74	Программа 32	6 days	402eb7fc-35f2-4f84-ac49-34b6d88541ab	2e88e6aa-0afa-4627-9f7f-0893c50bed52
0b7339e2-e287-480b-aade-5618144af6d1	Программа 30	2 days 18:00:00	402eb7fc-35f2-4f84-ac49-34b6d88541ab	a9f78814-77e5-48df-8e93-54dacce4c875
1a4c639c-3f03-4770-a5d1-1ff1344c512b	Программа 45	5 days 01:00:00	25309014-acd1-46df-9479-180292b832d6	ee1211e7-0fa9-4a70-883c-9a82188f31e3
1ca05b25-b646-4e8a-b5da-f81c52a15ef6	Программа 49	6 days 20:00:00	2c9db159-41d6-4014-9d36-0e1da92a025e	c675e942-344d-4eb0-9954-b07b251520ca
1d179d39-79e2-427b-a372-e4b99aca1d8c	Программа 35	5 days 05:00:00	402eb7fc-35f2-4f84-ac49-34b6d88541ab	a9f78814-77e5-48df-8e93-54dacce4c875
1fd42baf-e8a0-4892-9d0c-c83f2d2ea6ef	Программа 50	5 days 13:00:00	1d519ebc-0260-4c4e-98db-debcd4437abf	2e88e6aa-0afa-4627-9f7f-0893c50bed52
25e9b511-bd42-4c06-9b83-67f5c6e139ee	Программа 29	6 days 04:00:00	dd6c1dda-16cd-496b-ae29-4686435daa2a	a9f78814-77e5-48df-8e93-54dacce4c875
27a55248-83e9-4c45-93ee-fef14db296bd	Программа 47	5 days 02:00:00	1d519ebc-0260-4c4e-98db-debcd4437abf	793b41f6-26c7-4a61-b0f8-2a5a20a211af
27b414cc-43d5-4173-bbfb-adfe2cfa9686	Программа 15	4 days	1d519ebc-0260-4c4e-98db-debcd4437abf	a9f78814-77e5-48df-8e93-54dacce4c875
29adf650-b447-4888-8722-fb1bf6b855df	Программа 17	7 days 11:00:00	2c9db159-41d6-4014-9d36-0e1da92a025e	2e88e6aa-0afa-4627-9f7f-0893c50bed52
2d8461d9-be58-4b17-bd28-2a5909d5a21d	Программа 44	6 days 02:00:00	25309014-acd1-46df-9479-180292b832d6	a9f78814-77e5-48df-8e93-54dacce4c875
35c128f1-8c82-4344-97df-250527cf5f5b	Программа 10	5 days	a5c4d243-a13f-4903-9fc7-f06bac81e902	a9f78814-77e5-48df-8e93-54dacce4c875
399df459-6646-4ad6-af0e-175585a401f1	Программа 1	5 days 14:00:00	f87c99a1-2e26-490b-82c1-39d398220456	ee1211e7-0fa9-4a70-883c-9a82188f31e3
3bfa658c-7ce9-4036-8011-79ca64834610	Программа 11	7 days 08:00:00	1d519ebc-0260-4c4e-98db-debcd4437abf	c675e942-344d-4eb0-9954-b07b251520ca
3d8d6df1-c732-450b-9e70-c8546cbfcfba	Программа 16	8 days 04:00:00	a5c4d243-a13f-4903-9fc7-f06bac81e902	c675e942-344d-4eb0-9954-b07b251520ca
408302e8-0036-4c52-8542-5dd4b7b11465	Программа 41	5 days 02:00:00	1d519ebc-0260-4c4e-98db-debcd4437abf	2e88e6aa-0afa-4627-9f7f-0893c50bed52
496d030e-3d48-4e26-864b-e0442d868b77	Программа 37	6 days 06:00:00	402eb7fc-35f2-4f84-ac49-34b6d88541ab	c675e942-344d-4eb0-9954-b07b251520ca
4a3787d1-554b-4f77-a5a5-d97d4b548eb7	Программа 25	5 days	2c9db159-41d6-4014-9d36-0e1da92a025e	793b41f6-26c7-4a61-b0f8-2a5a20a211af
4dc48522-ebbf-485b-a19f-4dc33d21159e	Программа 3	7 days 14:00:00	dd6c1dda-16cd-496b-ae29-4686435daa2a	a9f78814-77e5-48df-8e93-54dacce4c875
579c80e9-762b-4313-91de-8109e2c7b7c5	Программа 12	7 days 19:00:00	f87c99a1-2e26-490b-82c1-39d398220456	793b41f6-26c7-4a61-b0f8-2a5a20a211af
5dbc8971-1734-4d2a-b056-016b57857d6e	Программа 8	7 days 22:00:00	2c9db159-41d6-4014-9d36-0e1da92a025e	c675e942-344d-4eb0-9954-b07b251520ca
65f3c68d-fcd0-4464-928e-357c2f977a7e	Программа 31	1 day 13:00:00	a5c4d243-a13f-4903-9fc7-f06bac81e902	2e88e6aa-0afa-4627-9f7f-0893c50bed52
6a81987e-a268-4a7f-90bb-3dbd83e44a6e	Программа 42	6 days 19:00:00	dd6c1dda-16cd-496b-ae29-4686435daa2a	a9f78814-77e5-48df-8e93-54dacce4c875
6bbfdad3-70c2-423e-9d6f-d32a9ed61ae2	Программа 46	5 days 09:00:00	402eb7fc-35f2-4f84-ac49-34b6d88541ab	793b41f6-26c7-4a61-b0f8-2a5a20a211af
6e6175a7-90d1-4472-98ce-717755f1830a	Программа 27	7 days 07:00:00	2c9db159-41d6-4014-9d36-0e1da92a025e	793b41f6-26c7-4a61-b0f8-2a5a20a211af
7601f1bb-0b26-4671-b3d4-397093342f34	Программа 34	4 days 14:00:00	2c9db159-41d6-4014-9d36-0e1da92a025e	ee1211e7-0fa9-4a70-883c-9a82188f31e3
7a6341a5-58c3-4172-a23f-120d5227b062	Программа 2	2 days 04:00:00	a5c4d243-a13f-4903-9fc7-f06bac81e902	793b41f6-26c7-4a61-b0f8-2a5a20a211af
7a6c7e06-4135-4e1b-a15f-c45b6f8c2086	Программа 48	6 days 04:00:00	402eb7fc-35f2-4f84-ac49-34b6d88541ab	a9f78814-77e5-48df-8e93-54dacce4c875
7bdde886-4e5a-4b4c-82e6-f23f50a266f9	Программа 40	7 days 15:00:00	d552408c-897e-4248-93bd-3a540fffdd7a	ee1211e7-0fa9-4a70-883c-9a82188f31e3
7eaaa658-dc3f-4b62-8ba5-5ff9b16f3242	Программа 14	6 days 22:00:00	a5c4d243-a13f-4903-9fc7-f06bac81e902	a9f78814-77e5-48df-8e93-54dacce4c875
8d06b4c8-75c5-47c6-872b-ebb2ff7d9daf	Программа 38	1 day	c051d1a2-5adb-4468-b219-964389c971e4	c675e942-344d-4eb0-9954-b07b251520ca
901a8287-998f-42b7-b8aa-8ef067f4c02b	Программа 43	4 days 01:00:00	c051d1a2-5adb-4468-b219-964389c971e4	2e88e6aa-0afa-4627-9f7f-0893c50bed52
9579dbe3-c0c2-406d-952e-43cf699eb77f	Программа 13	1 day 05:00:00	d552408c-897e-4248-93bd-3a540fffdd7a	a9f78814-77e5-48df-8e93-54dacce4c875
9feeb5f0-6d60-40f7-8b6f-ac7321d2ea4f	Программа 4	5 days 01:00:00	dd6c1dda-16cd-496b-ae29-4686435daa2a	a9f78814-77e5-48df-8e93-54dacce4c875
a1209ee4-4edf-48c5-8ca1-9870b89b5b9e	Программа 7	8 days 01:00:00	c051d1a2-5adb-4468-b219-964389c971e4	ee1211e7-0fa9-4a70-883c-9a82188f31e3
a1a3861c-aa1e-463c-adb7-7989fc9862c5	Программа 22	5 days 10:00:00	dd6c1dda-16cd-496b-ae29-4686435daa2a	ee1211e7-0fa9-4a70-883c-9a82188f31e3
a7256010-3ca7-4e43-8e7d-a2638b9e0009	Программа 21	5 days 23:00:00	402eb7fc-35f2-4f84-ac49-34b6d88541ab	2e88e6aa-0afa-4627-9f7f-0893c50bed52
a8871c1a-f489-40ad-8581-28fca174ac49	Программа 33	8 days 03:00:00	46d8fa89-005b-49d6-b6f4-32cf76528d78	793b41f6-26c7-4a61-b0f8-2a5a20a211af
a892fb64-9154-4659-82f2-b6863205e50d	Программа 39	5 days 13:00:00	25309014-acd1-46df-9479-180292b832d6	c675e942-344d-4eb0-9954-b07b251520ca
afb68791-fab0-4120-8431-6a00b4eaa26b	Программа 28	2 days 08:00:00	1d519ebc-0260-4c4e-98db-debcd4437abf	c675e942-344d-4eb0-9954-b07b251520ca
b756bc7a-94ee-4dea-a69e-8e539a3c7435	Программа 23	4 days 07:00:00	1d519ebc-0260-4c4e-98db-debcd4437abf	ee1211e7-0fa9-4a70-883c-9a82188f31e3
b98c9bee-110f-4e88-a2de-62352a612c59	Программа 5	7 days 12:00:00	dd6c1dda-16cd-496b-ae29-4686435daa2a	2e88e6aa-0afa-4627-9f7f-0893c50bed52
bea996d7-2247-4102-a628-3ae1802db647	Программа 20	3 days 03:00:00	c051d1a2-5adb-4468-b219-964389c971e4	793b41f6-26c7-4a61-b0f8-2a5a20a211af
c0f4d784-0ac6-4e72-bd5e-f7ab8ec37f50	Программа 6	5 days 08:00:00	d552408c-897e-4248-93bd-3a540fffdd7a	a9f78814-77e5-48df-8e93-54dacce4c875
c74203c8-294d-4179-8d0f-3a8e6eba0b9b	Программа 26	1 day 07:00:00	f87c99a1-2e26-490b-82c1-39d398220456	2e88e6aa-0afa-4627-9f7f-0893c50bed52
d7e7e2d7-b45f-4530-af07-44aa192e9728	Программа 18	6 days 12:00:00	402eb7fc-35f2-4f84-ac49-34b6d88541ab	793b41f6-26c7-4a61-b0f8-2a5a20a211af
e28033ce-db9c-47f8-b8c5-cf1db59dbbed	Программа 9	4 days 18:00:00	dd6c1dda-16cd-496b-ae29-4686435daa2a	ee1211e7-0fa9-4a70-883c-9a82188f31e3
e4858983-23e5-4829-8e3b-e507c09b62c4	Программа 36	4 days 19:00:00	c051d1a2-5adb-4468-b219-964389c971e4	2e88e6aa-0afa-4627-9f7f-0893c50bed52
e76ef7d1-bd5a-455d-87d9-76aa7b368a4c	Программа 24	6 days	25309014-acd1-46df-9479-180292b832d6	c675e942-344d-4eb0-9954-b07b251520ca
f0ebd1df-102e-4d46-aedf-da6958500548	Программа 19	2 days 07:00:00	d552408c-897e-4248-93bd-3a540fffdd7a	c675e942-344d-4eb0-9954-b07b251520ca
\.


--
-- TOC entry 3420 (class 0 OID 170863)
-- Dependencies: 214
-- Data for Name: __EFMigrationsHistory; Type: TABLE DATA; Schema: public; Owner: -
--

COPY public."__EFMigrationsHistory" ("MigrationId", "ProductVersion") FROM stdin;
20230429125750_Initial	7.0.5
20230429141945_fix	7.0.5
\.


-- Completed on 2023-04-29 20:52:11

--
-- PostgreSQL database dump complete
--

